DATE,BSRN,ND,KP1,KP2,KP3,KP4,KP5,KP6,KP7,KP8,KP_SUM,AP1,AP2,AP3,AP4,AP5,AP6,AP7,AP8,AP_AVG,CP,C9,ISN,F10.7_OBS,F10.7_ADJ,F10.7_DATA_TYPE,F10.7_OBS_CENTER81,F10.7_OBS_LAST81,F10.7_ADJ_CENTER81,F10.7_ADJ_LAST81
2025-01-01,2610,13,40,53,50,60,67,80,63,40,453,27,56,48,80,111,207,94,27,81,1.8,7,198,219.2,211.9,OBS,194.9,200.4,189.0,195.9
2025-01-02,2610,14,33,20,33,47,43,37,33,30,277,18,7,18,39,32,22,18,15,21,1.1,5,187,212.4,205.4,OBS,194.6,200.7,188.6,196.0
2025-01-03,2610,15,30,33,33,20,7,13,10,17,163,15,18,18,7,3,5,4,6,10,0.5,2,199,199.9,193.3,OBS,194.1,200.9,188.2,196.2
2025-01-04,2610,16,20,47,50,43,33,43,53,30,320,7,39,48,32,18,32,56,15,31,1.3,6,211,209.3,202.4,OBS,193.8,201.3,187.9,196.6
2025-01-05,2610,17,33,23,23,33,30,43,40,27,253,18,9,9,18,15,32,27,12,18,1.0,5,194,168.6,163.0,OBS,193.3,201.3,187.4,196.5
2025-01-06,2610,18,30,37,27,30,27,30,23,23,227,15,22,12,15,12,15,9,9,14,0.8,4,169,171.9,166.2,OBS,192.8,201.3,186.9,196.4
2025-01-07,2610,19,23,27,23,27,23,33,20,20,197,9,12,9,12,9,18,7,7,10,0.6,3,133,167.7,162.2,OBS,192.3,201.4,186.4,196.4
2025-01-08,2610,20,37,23,17,0,10,23,10,7,127,22,9,6,0,4,9,4,3,7,0.4,2,120,160.2,154.9,OBS,191.9,201.3,186.0,196.3
2025-01-09,2610,21,20,10,17,20,37,27,17,13,160,7,4,6,7,22,12,6,5,9,0.5,2,158,162.2,156.8,OBS,191.4,201.3,185.6,196.3
2025-01-10,2610,22,10,33,20,27,30,13,23,40,197,4,18,7,12,15,5,9,27,12,0.7,3,129,156.9,151.7,OBS,191.1,201.3,185.3,196.2
2025-01-11,2610,23,23,10,13,10,17,30,13,7,123,9,4,5,4,6,15,5,3,6,0.3,1,108,156.0,150.8,OBS,191.0,201.0,185.2,195.9
2025-01-12,2610,24,13,17,17,17,23,13,13,17,130,5,6,6,6,9,5,5,6,6,0.3,1,112,158.4,153.2,OBS,191.2,200.7,185.4,195.5
2025-01-13,2610,25,40,23,10,23,20,23,23,20,183,27,9,4,9,7,9,9,7,10,0.6,3,90,159.7,154.4,OBS,191.5,200.2,185.7,195.0
2025-01-14,2610,26,27,23,23,20,20,27,30,27,197,12,9,9,7,7,12,15,12,10,0.6,3,78,166.4,161.0,OBS,192.3,199.7,186.5,194.4
2025-01-15,2610,27,33,37,37,27,30,33,27,17,240,18,22,22,12,15,18,12,6,16,0.9,4,84,173.5,167.8,OBS,192.6,198.9,186.9,193.6
2025-01-16,2611,1,27,33,17,23,30,30,37,27,223,12,18,6,9,15,15,22,12,14,0.8,4,127,208.2,201.5,OBS,192.8,198.4,187.1,193.1
2025-01-17,2611,2,33,40,37,30,33,30,40,40,283,18,27,22,15,18,15,27,27,21,1.1,5,150,226.8,219.5,OBS,192.8,198.1,187.1,192.7
2025-01-18,2611,3,20,20,23,20,23,20,20,20,167,7,7,9,7,9,7,7,7,8,0.4,2,141,222.4,215.3,OBS,192.6,197.5,186.9,192.1
2025-01-19,2611,4,10,23,37,27,33,30,30,37,227,4,9,22,12,18,15,15,22,15,0.8,4,150,235.8,228.3,OBS,192.4,197.1,186.7,191.6
2025-01-20,2611,5,37,33,30,30,43,30,27,37,267,22,18,15,15,32,15,12,22,19,1.0,5,185,232.1,224.7,OBS,192.2,196.6,186.5,191.1
2025-01-21,2611,6,23,30,20,17,10,27,30,23,180,9,15,7,6,4,12,15,9,10,0.5,2,166,236.4,229.0,OBS,192.0,196.4,186.4,190.9
2025-01-22,2611,7,27,20,30,23,17,13,10,30,170,12,7,15,9,6,5,4,15,9,0.5,2,147,214.2,207.5,OBS,192.1,195.9,186.5,190.4
2025-01-23,2611,8,33,17,7,10,13,37,37,23,177,18,6,3,4,5,22,22,9,11,0.6,3,172,215.4,208.7,OBS,192.0,195.6,186.5,190.0
2025-01-24,2611,9,13,13,23,13,20,10,10,23,127,5,5,9,5,7,4,4,9,6,0.3,1,138,204.5,198.2,OBS,191.9,195.2,186.4,189.5
2025-01-25,2611,10,3,0,3,3,7,10,0,7,33,2,0,2,2,3,4,0,3,2,0.0,0,120,181.7,176.2,OBS,191.6,194.4,186.1,188.7
2025-01-26,2611,11,3,7,3,3,3,0,0,3,23,2,3,2,2,2,0,0,2,2,0.0,0,108,170.5,165.4,OBS,191.3,193.3,185.9,187.6
2025-01-27,2611,12,0,0,13,17,13,27,20,20,110,0,0,5,6,5,12,7,7,5,0.2,1,56,162.5,157.6,OBS,191.1,192.3,185.7,186.7
2025-01-28,2611,13,20,13,7,23,27,27,37,27,180,7,5,3,9,12,12,22,12,10,0.6,3,78,171.5,166.3,OBS,190.7,191.6,185.4,185.9
2025-01-29,2611,14,20,10,10,20,20,17,13,13,123,7,4,4,7,7,6,5,5,6,0.3,1,84,173.7,168.6,OBS,190.4,191.0,185.1,185.3
2025-01-30,2611,15,7,7,7,3,7,13,20,27,90,3,3,3,2,3,5,7,12,5,0.2,1,108,183.7,178.3,OBS,190.1,190.4,184.9,184.7
2025-01-31,2611,16,17,7,10,17,20,17,20,27,133,6,3,4,6,7,6,7,12,6,0.3,1,147,206.5,200.5,OBS,189.6,190.7,184.4,185.0
2025-02-01,2611,17,37,37,37,30,40,37,43,40,300,22,22,22,15,27,22,32,27,24,1.1,5,159,187.9,182.4,OBS,189.1,190.9,183.9,185.2
2025-02-02,2611,18,33,40,37,33,37,43,23,17,263,18,27,22,18,22,32,9,6,19,1.0,5,183,215.7,209.5,OBS,188.3,191.7,183.3,185.9
2025-02-03,2611,19,7,3,7,10,7,3,3,10,50,3,2,3,4,3,2,2,4,3,0.1,0,189,220.5,214.2,OBS,187.3,192.6,182.4,186.8
2025-02-04,2611,20,10,10,17,13,7,7,10,7,80,4,4,6,5,3,3,4,3,4,0.1,0,177,212.6,206.6,OBS,186.5,193.4,181.6,187.6
2025-02-05,2611,21,7,17,7,10,17,27,10,20,113,3,6,3,4,6,12,4,7,6,0.3,1,165,191.3,186.0,OBS,185.9,194.1,181.0,188.2
2025-02-06,2611,22,23,23,17,10,27,17,13,10,140,9,9,6,4,12,6,5,4,7,0.3,1,186,187.8,182.6,OBS,185.0,194.6,180.2,188.7
2025-02-07,2611,23,3,3,3,7,7,10,3,3,40,2,2,2,3,3,4,2,2,2,0.0,0,164,181.6,176.7,OBS,184.0,194.8,179.3,188.9
2025-02-08,2611,24,0,23,33,27,30,20,10,10,153,0,9,18,12,15,7,4,4,9,0.5,2,135,173.4,168.7,OBS,182.9,195.0,178.3,189.0
2025-02-09,2611,25,10,17,17,20,30,40,47,43,223,4,6,6,7,15,27,39,32,17,0.9,4,130,163.0,158.7,OBS,182.2,195.0,177.7,189.0
2025-02-10,2611,26,47,27,40,40,33,37,37,37,297,39,12,27,27,18,22,22,22,24,1.1,5,115,159.2,155.1,OBS,181.7,194.9,177.3,189.0
2025-02-11,2611,27,37,30,27,33,30,33,30,27,247,22,15,12,18,15,18,15,12,16,0.9,4,95,153.4,149.5,OBS,181.1,194.6,176.7,188.6
2025-02-12,2612,1,33,43,27,30,27,30,30,27,247,18,32,12,15,12,15,15,12,16,0.9,4,101,163.4,159.3,INT,180.4,194.1,176.1,188.2
2025-02-13,2612,2,30,43,37,37,37,23,37,40,283,15,32,22,22,22,9,22,27,21,1.1,5,114,173.4,169.0,OBS,179.8,193.8,175.6,187.9
2025-02-14,2612,3,43,47,33,27,40,30,33,37,290,32,39,18,12,27,15,18,22,23,1.1,5,161,178.6,174.2,OBS,179.1,193.3,175.0,187.4
2025-02-15,2612,4,37,37,33,50,33,43,37,47,317,22,22,18,48,18,32,22,39,28,1.2,6,170,184.0,179.5,OBS,178.9,192.8,174.9,186.9
2025-02-16,2612,5,23,40,30,40,30,30,37,40,270,9,27,15,27,15,15,22,27,20,1.0,5,205,185.0,180.6,OBS,178.8,192.3,174.8,186.4
2025-02-17,2612,6,27,33,23,23,33,37,17,33,227,12,18,9,9,18,22,6,18,14,0.8,4,203,181.8,177.6,INT,178.7,191.9,174.7,186.0
2025-02-18,2612,7,37,33,17,7,13,27,20,43,197,22,18,6,3,5,12,7,32,13,0.8,4,173,178.6,174.5,OBS,178.8,191.4,174.9,185.6
2025-02-19,2612,8,50,33,43,20,17,23,40,30,257,48,18,32,7,6,9,27,15,20,1.0,5,135,177.9,173.9,OBS,178.9,191.1,175.1,185.3
2025-02-20,2612,9,33,27,13,3,13,0,0,7,97,18,12,5,2,5,0,0,3,6,0.3,1,144,184.0,180.0,OBS,179.2,191.0,175.5,185.2
2025-02-21,2612,10,27,7,7,3,10,7,3,17,80,12,3,3,2,4,3,2,6,4,0.2,1,167,197.1,192.8,OBS,179.5,191.2,175.8,185.4
2025-02-22,2612,11,27,3,3,13,20,7,7,23,103,12,2,2,5,7,3,3,9,5,0.2,1,182,199.0,194.8,OBS,179.8,191.5,176.1,185.7
2025-02-23,2612,12,27,17,10,7,3,7,7,30,107,12,6,4,3,2,3,3,15,6,0.3,1,189,239.9,234.9,OBS,180.0,192.3,176.5,186.5
2025-02-24,2612,13,30,10,13,30,30,20,47,27,207,15,4,5,15,15,7,39,12,14,0.8,4,169,202.9,198.8,OBS,180.2,192.6,176.8,186.9
2025-02-25,2612,14,13,10,20,13,13,17,27,30,143,5,4,7,5,5,6,12,15,7,0.4,2,169,190.1,186.3,OBS,180.2,192.8,176.7,187.1
2025-02-26,2612,15,30,33,30,23,30,33,30,20,230,15,18,15,9,15,18,15,7,14,0.8,4,126,180.2,176.7,OBS,179.6,192.8,176.3,187.1
2025-02-27,2612,16,40,43,33,57,37,43,33,40,327,27,32,18,67,22,32,18,27,30,1.3,6,135,163.9,160.8,OBS,178.7,192.6,175.5,186.9
2025-02-28,2612,17,50,37,47,43,47,43,40,27,333,48,22,39,32,39,32,27,12,31,1.3,6,119,157.2,154.4,OBS,178.1,192.4,174.9,186.7
2025-03-01,2612,18,23,37,40,37,37,17,33,30,253,9,22,27,22,22,6,18,15,18,1.0,5,116,152.2,149.5,OBS,177.0,192.2,174.0,186.5
2025-03-02,2612,19,13,20,23,13,13,10,3,0,97,5,7,9,5,5,4,2,0,5,0.2,1,146,151.2,148.5,OBS,176.3,192.0,173.3,186.4
2025-03-03,2612,20,13,10,7,13,7,10,10,10,80,5,4,3,5,3,4,4,4,4,0.1,0,123,163.2,160.4,OBS,175.4,192.1,172.6,186.5
2025-03-04,2612,21,10,23,17,13,13,17,27,43,163,4,9,6,5,5,6,12,32,10,0.6,3,153,160.5,157.9,OBS,174.8,192.0,172.0,186.5
2025-03-05,2612,22,33,30,23,20,17,27,17,20,187,18,15,9,7,6,12,6,7,10,0.6,3,143,156.5,154.0,OBS,174.0,191.9,171.3,186.4
2025-03-06,2612,23,20,13,23,13,7,13,23,10,123,7,5,9,5,3,5,9,4,6,0.3,1,129,150.0,147.7,OBS,173.4,191.6,170.8,186.1
2025-03-07,2612,24,7,27,27,30,20,30,23,7,170,3,12,12,15,7,15,9,3,10,0.5,2,106,146.5,144.3,OBS,173.0,191.3,170.5,185.9
2025-03-08,2612,25,17,30,30,37,23,33,47,50,267,6,15,15,22,9,18,39,48,22,1.1,5,90,147.5,145.4,OBS,172.7,191.1,170.3,185.7
2025-03-09,2612,26,47,57,40,50,40,30,23,33,320,39,67,27,48,27,15,9,18,31,1.3,6,101,147.6,145.5,OBS,172.6,190.7,170.3,185.4
2025-03-10,2612,27,23,17,20,23,23,27,13,23,170,9,6,7,9,9,12,5,9,8,0.4,2,107,149.4,147.4,OBS,172.5,190.4,170.2,185.1
2025-03-11,2613,1,20,23,20,27,27,17,13,27,173,7,9,7,12,12,6,5,12,9,0.5,2,142,161.4,159.3,OBS,172.2,190.1,170.1,184.9
2025-03-12,2613,2,37,33,30,40,43,50,50,43,327,22,18,15,27,32,48,48,32,30,1.3,6,157,160.3,158.3,OBS,172.0,189.6,169.9,184.4
2025-03-13,2613,3,50,47,50,43,50,37,43,37,357,48,39,48,32,48,22,32,22,36,1.4,6,173,175.9,173.8,OBS,171.5,189.1,169.5,183.9
2025-03-14,2613,4,53,27,33,30,30,37,30,33,273,56,12,18,15,15,22,15,18,21,1.1,5,182,180.1,178.1,OBS,171.2,188.3,169.3,183.3
2025-03-15,2613,5,40,33,33,37,37,33,7,7,227,27,18,18,22,22,18,3,3,16,0.9,4,183,177.9,176.0,OBS,170.6,187.3,168.8,182.4
2025-03-16,2613,6,17,20,20,23,33,10,20,27,170,6,7,7,9,18,4,7,12,9,0.5,2,206,185.8,183.9,OBS,169.9,186.5,168.3,181.6
2025-03-17,2613,7,33,30,27,17,30,30,33,27,227,18,15,12,6,15,15,18,12,14,0.8,4,205,203.5,201.5,OBS,169.2,185.9,167.7,181.0
2025-03-18,2613,8,30,30,23,23,33,27,17,20,203,15,15,9,9,18,12,6,7,11,0.7,3,196,184.0,182.3,OBS,168.8,185.0,167.3,180.2
2025-03-19,2613,9,23,40,40,27,30,33,47,30,270,9,27,27,12,15,18,39,15,20,1.0,5,165,179.5,177.9,OBS,168.4,184.0,167.0,179.3
2025-03-20,2613,10,17,17,17,7,13,7,7,23,107,6,6,6,3,5,3,3,9,5,0.2,1,163,170.2,168.8,OBS,168.0,182.9,166.7,178.3
2025-03-21,2613,11,33,30,17,17,27,40,53,50,267,18,15,6,6,12,27,56,48,24,1.1,5,151,165.3,164.1,OBS,167.7,182.2,166.4,177.7
2025-03-22,2613,12,57,50,27,27,40,43,37,43,323,67,48,12,12,27,32,22,32,32,1.3,6,173,177.9,176.7,OBS,167.5,181.7,166.4,177.3
2025-03-23,2613,13,40,20,27,17,20,10,20,13,167,27,7,12,6,7,4,7,5,9,0.5,2,126,168.1,167.0,OBS,167.4,181.1,166.4,176.7
2025-03-24,2613,14,40,43,27,30,37,37,27,17,257,27,32,12,15,22,22,12,6,18,1.0,5,78,156.0,155.1,OBS,167.4,180.4,166.4,176.1
2025-03-25,2613,15,33,27,23,30,20,27,40,30,230,18,12,9,15,7,12,27,15,14,0.8,4,79,156.1,155.3,OBS,167.4,179.8,166.5,175.6
2025-03-26,2613,16,43,43,23,33,57,57,57,43,357,32,32,9,18,67,67,67,32,40,1.5,7,46,152.3,151.6,OBS,167.2,179.1,166.4,175.0
2025-03-27,2613,17,37,43,47,40,47,47,37,37,333,22,32,39,27,39,39,22,22,30,1.3,6,82,152.6,152.0,OBS,166.9,178.9,166.2,174.9
2025-03-28,2613,18,23,30,27,23,27,27,33,40,230,9,15,12,9,12,12,18,27,14,0.8,4,78,160.4,159.8,OBS,166.5,178.8,165.9,174.8
2025-03-29,2613,19,30,33,17,13,10,10,3,10,127,15,18,6,5,4,4,2,4,7,0.4,2,91,156.6,156.1,OBS,166.1,178.7,165.5,174.7
2025-03-30,2613,20,13,23,23,13,7,7,10,7,103,5,9,9,5,3,3,4,3,5,0.2,1,128,171.1,170.7,OBS,165.5,178.8,165.1,174.9
2025-03-31,2613,21,3,17,20,17,13,17,10,10,107,2,6,7,6,5,6,4,4,5,0.2,1,141,171.9,171.6,OBS,165.0,178.9,164.6,175.1
2025-04-01,2613,22,10,7,7,3,13,10,23,20,93,4,3,3,2,5,4,9,7,5,0.2,1,160,181.9,181.7,OBS,164.3,179.2,164.0,175.5
2025-04-02,2613,23,37,33,33,37,27,17,33,33,250,22,18,18,22,12,6,18,18,17,0.9,4,150,179.9,179.8,OBS,163.5,179.5,163.3,175.8
2025-04-03,2613,24,33,23,37,33,33,30,40,47,277,18,9,22,18,18,15,27,39,21,1.1,5,164,178.4,178.4,OBS,162.5,179.8,162.4,176.1
2025-04-04,2613,25,40,40,37,43,47,43,47,47,343,27,27,22,32,39,32,39,39,32,1.3,6,191,180.4,180.5,OBS,161.5,180.0,161.5,176.5
2025-04-05,2613,26,57,50,43,47,40,37,53,43,370,67,48,32,39,27,22,56,32,40,1.5,7,187,184.4,184.6,OBS,160.0,180.2,160.1,176.8
2025-04-06,2613,27,50,30,30,33,33,37,30,33,277,48,15,15,18,18,22,15,18,21,1.1,5,180,167.0,167.2,OBS,159.0,180.2,159.1,176.7
2025-04-07,2614,1,30,27,17,13,20,27,40,33,207,15,12,6,5,7,12,27,18,13,0.7,3,162,162.3,162.6,OBS,158.1,179.6,158.3,176.3
2025-04-08,2614,2,30,37,37,20,43,40,43,37,287,15,22,22,7,32,27,32,22,22,1.1,5,147,158.6,159.0,OBS,157.3,178.7,157.6,175.5
2025-04-09,2614,3,47,33,37,40,33,30,27,27,273,39,18,22,27,18,15,12,12,20,1.0,5,141,166.8,167.3,OBS,156.7,178.1,157.1,174.9
2025-04-10,2614,4,40,33,37,17,13,20,30,40,230,27,18,22,6,5,7,15,27,16,0.9,4,139,152.6,153.2,OBS,156.3,177.0,156.7,174.0
2025-04-11,2614,5,37,30,20,23,33,20,30,40,233,22,15,7,9,18,7,15,27,15,0.8,4,131,170.1,170.8,OBS,155.9,176.3,156.4,173.3
2025-04-12,2614,6,33,23,23,30,20,33,37,43,243,18,9,9,15,7,18,22,32,16,0.9,4,122,165.3,166.2,OBS,155.5,175.4,156.0,172.6
2025-04-13,2614,7,37,33,30,23,27,17,27,23,217,22,18,15,9,12,6,12,9,13,0.7,3,106,163.7,164.6,OBS,155.0,174.8,155.6,172.0
2025-04-14,2614,8,30,47,33,17,20,33,33,37,250,15,39,18,6,7,18,18,22,18,1.0,5,88,152.7,153.6,OBS,154.6,174.0,155.3,171.3
2025-04-15,2614,9,30,20,13,10,20,50,53,63,260,15,7,5,4,7,48,56,94,30,1.3,6,75,153.6,154.6,OBS,154.3,173.4,155.1,170.8
2025-04-16,2614,10,50,33,30,47,73,63,77,53,427,48,18,15,39,154,94,179,56,75,1.8,7,92,148.4,149.5,OBS,154.1,173.0,154.9,170.5
2025-04-17,2614,11,30,37,10,7,27,20,13,17,160,15,22,4,3,12,7,5,6,9,0.5,2,110,150.7,151.9,OBS,154.0,172.7,154.9,170.3
2025-04-18,2614,12,30,43,27,17,20,20,27,27,210,15,32,12,6,7,7,12,12,13,0.7,3,118,155.7,157.1,OBS,153.9,172.6,154.9,170.3
2025-04-19,2614,13,40,33,33,20,30,33,23,47,260,27,18,18,7,15,18,9,39,19,1.0,5,117,157.4,158.8,OBS,153.9,172.5,155.0,170.2
2025-04-20,2614,14,50,23,20,13,13,10,27,27,183,48,9,7,5,5,4,12,12,13,0.7,3,134,156.3,157.8,OBS,154.0,172.2,155.1,170.1
2025-04-21,2614,15,40,43,47,43,53,43,50,23,343,27,32,39,32,56,32,48,9,34,1.4,6,142,163.0,164.6,OBS,154.0,172.0,155.3,169.9
2025-04-22,2614,16,37,33,27,17,17,30,30,27,217,22,18,12,6,6,15,15,12,13,0.8,4,185,163.4,165.1,OBS,153.9,171.5,155.2,169.5
2025-04-23,2614,17,10,23,17,27,17,13,7,7,120,4,9,6,12,6,5,3,3,6,0.3,1,166,167.7,169.6,OBS,153.5,171.2,154.8,169.3
2025-04-24,2614,18,23,27,37,33,37,20,20,13,210,9,12,22,18,22,7,7,5,13,0.7,3,202,169.6,171.6,OBS,152.9,170.6,154.4,168.8
2025-04-25,2614,19,7,7,10,10,10,10,17,20,90,3,3,4,4,4,4,6,7,4,0.2,1,203,164.0,166.0,OBS,152.3,169.9,153.8,168.3
2025-04-26,2614,20,13,13,10,20,20,17,13,13,120,5,5,4,7,7,6,5,5,6,0.2,1,173,155.7,157.7,OBS,151.6,169.2,153.2,167.7
2025-04-27,2614,21,10,23,13,10,10,27,20,17,130,4,9,5,4,4,12,7,6,6,0.3,1,135,155.7,157.8,OBS,150.6,168.8,152.3,167.3
2025-04-28,2614,22,23,3,3,10,7,7,7,3,63,9,2,2,4,3,3,3,2,4,0.1,0,123,153.6,155.7,OBS,149.8,168.4,151.6,167.0
2025-04-29,2614,23,0,13,20,17,13,13,20,13,110,0,5,7,6,5,5,7,5,5,0.2,1,111,149.2,151.3,OBS,149.0,168.0,150.9,166.7
2025-04-30,2614,24,33,23,27,27,17,13,10,27,177,18,9,12,12,6,5,4,12,10,0.5,2,88,148.0,150.2,OBS,148.4,167.7,150.3,166.4
2025-05-01,2614,25,30,37,40,40,40,33,47,47,313,15,22,27,27,27,18,39,39,27,1.2,6,62,152.3,154.7,OBS,148.0,167.5,149.9,166.4
2025-05-02,2614,26,50,50,40,43,47,43,40,50,363,48,48,27,32,39,32,27,48,38,1.4,6,42,152.3,154.7,OBS,147.5,167.4,149.5,166.4
2025-05-03,2614,27,53,40,40,47,33,33,27,37,310,56,27,27,39,18,18,12,22,27,1.2,6,57,152.1,154.6,OBS,147.2,167.4,149.3,166.4
2025-05-04,2615,1,40,33,47,23,37,47,43,40,310,27,18,39,9,22,39,32,27,27,1.2,6,75,159.0,161.6,OBS,147.1,167.4,149.2,166.5
2025-05-05,2615,2,30,43,43,43,47,43,40,40,330,15,32,32,32,39,32,27,27,30,1.3,6,93,158.6,161.4,OBS,147.0,167.2,149.2,166.4
2025-05-06,2615,3,33,23,20,27,23,27,33,37,223,18,9,7,12,9,12,18,22,13,0.8,4,88,156.0,158.7,OBS,147.1,166.9,149.4,166.2
2025-05-07,2615,4,20,27,20,20,17,10,13,20,147,7,12,7,7,6,4,5,7,7,0.3,1,75,154.2,157.0,OBS,147.0,166.5,149.4,165.9
2025-05-08,2615,5,20,30,30,13,23,20,7,37,180,7,15,15,5,9,7,3,22,10,0.6,3,81,148.5,151.3,OBS,146.8,166.1,149.2,165.5
2025-05-09,2615,6,27,20,17,17,23,33,47,43,227,12,7,6,6,9,18,39,32,16,0.9,4,72,136.2,138.9,OBS,146.5,165.5,149.0,165.1
2025-05-10,2615,7,47,33,13,23,20,13,10,20,180,39,18,5,9,7,5,4,7,12,0.7,3,70,134.1,136.8,OBS,146.1,165.0,148.6,164.6
2025-05-11,2615,8,23,30,20,17,30,13,47,40,220,9,15,7,6,15,5,39,27,15,0.9,4,66,125.8,128.3,OBS,145.6,164.3,148.2,164.0
2025-05-12,2615,9,20,17,13,13,20,10,10,17,120,7,6,5,5,7,4,4,6,6,0.2,1,60,115.5,117.9,OBS,144.8,163.5,147.4,163.3
2025-05-13,2615,10,10,13,13,13,13,23,37,33,157,4,5,5,5,5,9,22,18,9,0.5,2,59,116.7,119.2,OBS,144.1,162.5,146.8,162.4
2025-05-14,2615,11,37,20,23,23,37,37,37,17,230,22,7,9,9,22,22,22,6,15,0.8,4,46,121.8,124.4,OBS,143.4,161.5,146.2,161.5
2025-05-15,2615,12,33,37,23,20,17,30,23,30,213,18,22,9,7,6,15,9,15,13,0.7,3,40,118.8,121.4,OBS,142.7,160.0,145.5,160.1
2025-05-16,2615,13,20,20,27,17,27,20,20,37,187,7,7,12,6,12,7,7,22,10,0.6,3,59,117.3,120.0,OBS,141.9,159.0,144.7,159.1
2025-05-17,2615,14,63,53,30,47,47,43,33,33,350,94,56,15,39,39,32,18,18,39,1.4,6,52,117.2,119.9,OBS,141.2,158.1,144.1,158.3
2025-05-18,2615,15,40,30,47,27,27,40,40,27,277,27,15,39,12,12,27,27,12,21,1.1,5,56,118.2,121.0,OBS,140.7,157.3,143.6,157.6
2025-05-19,2615,16,33,30,13,17,20,23,13,10,160,18,15,5,6,7,9,5,4,9,0.5,2,65,116.8,119.6,OBS,140.2,156.7,143.2,157.1
2025-05-20,2615,17,20,30,33,27,30,27,17,30,213,7,15,18,12,15,12,6,15,12,0.7,3,75,118.7,121.6,OBS,139.8,156.3,142.8,156.7
2025-05-21,2615,18,40,30,33,27,20,13,17,20,200,27,15,18,12,7,5,6,7,12,0.7,3,90,119.4,122.3,OBS,139.5,155.9,142.5,156.4
2025-05-22,2615,19,20,17,13,10,13,17,23,10,123,7,6,5,4,5,6,9,4,6,0.3,1,97,120.0,123.0,OBS,138.9,155.5,142.0,156.0
2025-05-23,2615,20,17,13,20,23,23,33,7,17,153,6,5,7,9,9,18,3,6,8,0.4,2,117,121.6,124.7,OBS,138.5,155.0,141.6,155.6
2025-05-24,2615,21,13,10,10,10,10,7,7,10,77,5,4,4,4,4,3,3,4,4,0.1,0,98,129.7,133.0,OBS,138.0,154.6,141.2,155.3
2025-05-25,2615,22,17,17,20,10,20,13,17,10,123,6,6,7,4,7,5,6,4,6,0.3,1,95,133.3,136.8,OBS,137.6,154.3,140.8,155.1
2025-05-26,2615,23,10,10,20,10,30,13,20,27,140,4,4,7,4,15,5,7,12,7,0.4,2,108,132.9,136.4,OBS,137.1,154.1,140.4,154.9
2025-05-27,2615,24,20,20,10,23,30,30,40,43,217,7,7,4,9,15,15,27,32,14,0.8,4,102,137.1,140.8,OBS,136.8,154.0,140.1,154.9
2025-05-28,2615,25,37,43,27,30,17,33,33,30,250,22,32,12,15,6,18,18,15,17,0.9,4,107,144.3,148.2,OBS,136.4,153.9,139.7,154.9
2025-05-29,2615,26,63,50,50,53,57,53,57,53,437,94,48,48,56,67,56,67,56,62,1.7,7,98,144.8,148.7,OBS,135.9,153.9,139.2,155.0
2025-05-30,2615,27,43,43,40,33,40,47,43,37,327,32,32,27,18,27,39,32,22,29,1.3,6,115,156.9,161.2,OBS,135.4,154.0,138.8,155.1
2025-05-31,2616,1,33,30,27,23,40,20,30,37,240,18,15,12,9,27,7,15,22,16,0.9,4,114,164.2,168.8,OBS,135.1,154.0,138.5,155.3
2025-06-01,2616,2,50,57,77,73,73,50,67,37,483,48,67,179,154,154,48,111,22,98,1.9,8,124,150.3,154.6,OBS,134.7,153.9,138.2,155.2
2025-06-02,2616,3,47,47,60,70,60,53,53,57,447,39,39,80,132,80,56,56,67,69,1.7,7,106,139.9,143.9,OBS,134.4,153.5,137.9,154.8
2025-06-03,2616,4,57,70,60,57,57,50,23,23,397,67,132,80,67,67,48,9,9,60,1.7,7,93,134.8,138.7,OBS,133.9,152.9,137.4,154.4
2025-06-04,2616,5,10,33,30,40,53,53,37,30,287,4,18,15,27,56,56,22,15,27,1.2,6,94,130.6,134.4,OBS,133.4,152.3,136.9,153.8
2025-06-05,2616,6,37,17,20,30,27,33,27,20,210,22,6,7,15,12,18,12,7,12,0.7,3,87,127.8,131.6,OBS,133.1,151.6,136.7,153.2
2025-06-06,2616,7,20,13,20,20,17,20,23,13,147,7,5,7,7,6,7,9,5,7,0.3,1,97,124.5,128.2,OBS,133.1,150.6,136.7,152.3
2025-06-07,2616,8,20,20,33,43,23,27,43,40,250,7,7,18,32,9,12,32,27,18,1.0,5,86,120.9,124.5,OBS,133.1,149.8,136.7,151.6
2025-06-08,2616,9,17,20,20,23,30,37,33,40,220,6,7,7,9,15,22,18,27,14,0.8,4,60,115.0,118.5,OBS,133.1,149.0,136.8,150.9
2025-06-09,2616,10,37,40,30,23,23,27,23,27,230,22,27,15,9,9,12,9,12,14,0.8,4,89,120.3,124.0,OBS,133.1,148.4,136.9,150.3
2025-06-10,2616,11,27,13,20,17,17,17,20,27,157,12,5,7,6,6,6,7,12,8,0.4,2,113,129.6,133.6,OBS,133.2,148.0,136.9,149.9
2025-06-11,2616,12,33,27,13,13,23,40,40,47,237,18,12,5,5,9,27,27,39,18,1.0,5,145,141.8,146.1,OBS,133.0,147.5,136.8,149.5
2025-06-12,2616,13,47,40,37,33,37,27,53,53,327,39,27,22,18,22,12,56,56,32,1.3,6,142,141.5,145.9,OBS,133.0,147.2,136.8,149.3
2025-06-13,2616,14,67,53,50,47,60,53,60,60,450,111,56,48,39,80,56,80,80,69,1.7,7,152,143.0,147.5,OBS,132.9,147.1,136.8,149.2
2025-06-14,2616,15,47,53,30,27,30,30,27,27,270,39,56,15,12,15,15,12,12,22,1.1,5,154,150.8,155.6,OBS,132.9,147.0,136.8,149.2
2025-06-15,2616,16,17,13,20,23,20,30,27,20,170,6,5,7,9,7,15,12,7,8,0.5,2,151,160.5,165.6,OBS,132.8,147.1,136.7,149.4
2025-06-16,2616,17,17,27,37,20,20,17,23,17,177,6,12,22,7,7,6,9,6,9,0.5,2,127,147.9,152.6,OBS,132.6,147.0,136.5,149.4
2025-06-17,2616,18,17,20,17,13,23,23,23,23,160,6,7,6,5,9,9,9,9,8,0.4,2,117,139.2,143.7,OBS,132.5,146.8,136.4,149.2
2025-06-18,2616,19,30,23,20,27,33,23,27,33,217,15,9,7,12,18,9,12,18,12,0.7,3,133,137.0,141.4,OBS,132.4,146.5,136.4,149.0
2025-06-19,2616,20,23,17,13,10,13,17,43,30,167,9,6,5,4,5,6,32,15,10,0.6,3,131,136.2,140.7,OBS,132.6,146.1,136.6,148.6
2025-06-20,2616,21,13,20,27,23,23,30,23,7,167,5,7,12,9,9,15,9,3,9,0.5,2,113,129.7,133.9,OBS,132.8,145.6,136.8,148.2
2025-06-21,2616,22,17,30,13,13,27,33,13,27,173,6,15,5,5,12,18,5,12,10,0.5,2,95,120.3,124.2,OBS,133.0,144.8,137.1,147.4
2025-06-22,2616,23,33,23,17,17,23,23,23,23,183,18,9,6,6,9,9,9,9,9,0.5,2,99,124.8,128.9,OBS,133.4,144.1,137.5,146.8
2025-06-23,2616,24,27,13,10,17,17,17,10,7,117,12,5,4,6,6,6,4,3,6,0.3,1,94,121.8,125.8,OBS,133.8,143.4,137.9,146.2
2025-06-24,2616,25,10,20,17,20,23,27,17,13,147,4,7,6,7,9,12,6,5,7,0.4,2,85,119.9,123.8,OBS,134.1,142.7,138.2,145.5
2025-06-25,2616,26,7,10,13,13,30,33,40,43,190,3,4,5,5,15,18,27,32,14,0.8,4,95,116.9,120.7,OBS,134.4,141.9,138.5,144.7
2025-06-26,2616,27,43,33,37,33,43,40,40,53,323,32,18,22,18,32,27,27,56,29,1.3,6,104,117.3,121.2,OBS,134.9,141.2,139.0,144.1
2025-06-27,2617,1,50,40,40,30,30,23,20,27,260,48,27,27,15,15,9,7,12,20,1.0,5,116,118.3,122.2,OBS,135.4,140.7,139.5,143.6
2025-06-28,2617,2,17,20,33,23,20,13,20,20,167,6,7,18,9,7,5,7,7,8,0.4,2,136,121.8,125.9,OBS,135.8,140.2,140.0,143.2
2025-06-29,2617,3,17,13,17,20,17,17,23,23,147,6,5,6,7,6,6,9,9,7,0.3,1,151,128.3,132.6,OBS,136.2,139.8,140.4,142.8
2025-06-30,2617,4,20,23,20,30,17,30,30,27,197,7,9,7,15,6,15,15,12,11,0.6,3,150,128.2,132.5,OBS,136.4,139.5,140.6,142.5
2025-07-01,2617,5,33,20,10,10,3,7,7,13,103,18,7,4,4,2,3,3,5,6,0.3,1,147,125.8,130.0,OBS,136.8,138.9,141.1,142.0
2025-07-02,2617,6,13,10,17,13,23,17,23,13,130,5,4,6,5,9,6,9,5,6,0.3,1,137,129.8,134.1,OBS,137.2,138.5,141.4,141.6
2025-07-03,2617,7,23,30,27,33,40,23,20,37,233,9,15,12,18,27,9,7,22,15,0.8,4,116,125.1,129.3,OBS,137.5,138.0,141.8,141.2
2025-07-04,2617,8,27,20,23,7,10,10,30,37,163,12,7,9,3,4,4,15,22,10,0.5,2,100,119.1,123.1,OBS,137.7,137.6,141.9,140.8
2025-07-05,2617,9,23,30,30,37,40,30,30,30,250,9,15,15,22,27,15,15,15,17,0.9,4,76,116.8,120.7,OBS,137.6,137.1,141.9,140.4
2025-07-06,2617,10,37,50,30,33,30,17,30,50,277,22,48,15,18,15,6,15,48,23,1.1,5,87,118.2,122.2,OBS,137.5,136.8,141.8,140.1
2025-07-07,2617,11,50,40,27,27,30,37,27,30,267,48,27,12,12,15,22,12,15,20,1.0,5,93,118.2,122.2,OBS,137.3,136.4,141.6,139.7
2025-07-08,2617,12,30,33,27,23,20,27,17,27,203,15,18,12,9,7,12,6,12,11,0.7,3,84,115.9,119.7,OBS,137.0,135.9,141.2,139.2
2025-07-09,2617,13,27,23,13,13,17,17,13,13,137,12,9,5,5,6,6,5,5,7,0.3,1,81,120.2,124.3,OBS,136.6,135.4,140.8,138.8
2025-07-10,2617,14,7,7,10,7,3,7,7,3,50,3,3,4,3,2,3,3,2,3,0.1,0,75,129.5,133.8,OBS,136.1,135.1,140.3,138.5
2025-07-11,2617,15,17,27,27,43,30,27,43,33,247,6,12,12,32,15,12,32,18,17,0.9,4,93,132.4,136.8,OBS,135.6,134.7,139.7,138.2
2025-07-12,2617,16,27,27,30,30,30,20,23,23,210,12,12,15,15,15,7,9,9,12,0.7,3,113,138.7,143.3,OBS,135.2,134.4,139.3,137.9
2025-07-13,2617,17,37,43,37,33,40,30,33,30,283,22,32,22,18,27,15,18,15,21,1.1,5,126,128.2,132.4,OBS,135.1,133.9,139.3,137.4
2025-07-14,2617,18,13,23,27,13,30,33,43,30,213,5,9,12,5,15,18,32,15,14,0.8,4,135,128.2,132.4,OBS,135.2,133.4,139.4,136.9
2025-07-15,2617,19,37,43,47,43,30,20,13,17,250,22,32,39,32,15,7,5,6,20,1.0,5,173,139.6,144.2,OBS,135.5,133.1,139.6,136.7
2025-07-16,2617,20,30,27,30,33,17,13,37,47,233,15,12,15,18,6,5,22,39,16,0.9,4,191,152.1,157.1,OBS,136.1,133.1,140.2,136.7
2025-07-17,2617,21,33,40,37,37,37,40,27,13,263,18,27,22,22,22,27,12,5,19,1.0,5,183,156.1,161.3,OBS,137.0,133.1,141.2,136.7
2025-07-18,2617,22,13,13,17,23,40,37,17,17,177,5,5,6,9,27,22,6,6,11,0.6,3,165,155.7,160.8,OBS,138.3,133.1,142.5,136.8
2025-07-19,2617,23,10,23,13,13,17,27,17,10,130,4,9,5,5,6,12,6,4,6,0.3,1,153,152.6,157.5,OBS,139.8,133.1,143.9,136.9
2025-07-20,2617,24,10,10,10,17,17,13,7,13,97,4,4,4,6,6,5,3,5,5,0.2,1,145,150.3,155.1,OBS,141.0,133.2,145.2,136.9
2025-07-21,2617,25,13,13,7,3,10,3,3,3,57,5,5,3,2,4,2,2,2,3,0.1,0,137,142.9,147.5,OBS,143.3,133.0,147.5,136.8
2025-07-22,2617,26,3,20,10,17,17,30,40,47,183,2,7,4,6,6,15,27,39,13,0.8,4,107,145.0,149.6,OBS,144.3,133.0,148.4,136.8
2025-07-23,2617,27,40,37,37,47,47,30,40,37,313,27,22,22,39,39,15,27,22,27,1.2,6,110,150.1,154.9,OBS,145.0,132.9,149.2,136.8
2025-07-24,2618,1,37,27,27,37,30,33,27,20,237,22,12,12,22,15,18,12,7,15,0.8,4,114,156.2,161.1,OBS,145.6,132.9,149.7,136.8
2025-07-25,2618,2,20,23,17,17,20,23,20,27,167,7,9,6,6,7,9,7,12,8,0.4,2,148,148.0,152.7,OBS,145.9,132.8,150.0,136.7
2025-07-26,2618,3,17,10,13,23,30,37,30,20,180,6,4,5,9,15,22,15,7,10,0.6,3,144,143.2,147.7,OBS,146.1,132.6,150.2,136.5
2025-07-27,2618,4,7,7,10,13,3,10,10,7,67,3,3,4,5,2,4,4,3,4,0.1,0,129,145.0,149.5,OBS,146.1,132.5,150.1,136.4
2025-07-28,2618,5,7,10,10,10,13,13,23,23,110,3,4,4,4,5,5,9,9,5,0.2,1,131,144.6,149.1,OBS,146.2,132.4,150.2,136.4
2025-07-29,2618,6,27,20,20,17,7,10,10,20,130,12,7,7,6,3,4,4,7,6,0.3,1,123,151.5,156.1,OBS,146.1,132.6,150.1,136.6
2025-07-30,2618,7,17,13,10,20,23,30,20,10,143,6,5,4,7,9,15,7,4,7,0.4,2,141,149.0,153.6,OBS,146.0,132.8,149.9,136.8
2025-07-31,2618,8,30,20,17,23,23,20,20,20,173,15,7,6,9,9,7,7,7,8,0.5,2,146,144.8,149.2,OBS,145.9,133.0,149.8,137.1
2025-08-01,2618,9,23,27,23,23,30,13,27,33,200,9,12,9,9,15,5,12,18,11,0.6,3,133,145.6,150.0,OBS,145.8,133.4,149.8,137.5
2025-08-02,2618,10,30,20,13,10,17,23,23,27,163,15,7,5,4,6,9,9,12,8,0.5,2,129,146.3,150.6,OBS,145.7,133.8,149.6,137.9
2025-08-03,2618,11,17,10,10,17,17,27,40,17,153,6,4,4,6,6,12,27,6,9,0.5,2,129,146.3,150.6,OBS,145.6,134.1,149.5,138.2
2025-08-04,2618,12,3,13,20,23,20,23,20,23,147,2,5,7,9,7,9,7,9,7,0.3,1,107,142.7,146.8,OBS,145.6,134.4,149.4,138.5
2025-08-05,2618,13,30,20,7,13,27,23,27,23,170,15,7,3,5,12,9,12,9,9,0.5,2,116,156.6,161.1,OBS,145.7,134.9,149.5,139.0
2025-08-06,2618,14,17,13,7,13,10,20,13,27,120,6,5,3,5,4,7,5,12,6,0.3,1,140,158.2,162.7,OBS,145.8,135.4,149.6,139.5
2025-08-07,2618,15,10,10,3,10,7,3,3,10,57,4,4,2,4,3,2,2,4,3,0.1,0,154,151.6,155.9,OBS,146.0,135.8,149.8,140.0
2025-08-08,2618,16,3,13,10,30,47,40,50,33,227,2,5,4,15,39,27,48,18,20,1.0,5,181,147.7,151.8,OBS,146.3,136.2,150.0,140.4
2025-08-09,2618,17,50,47,50,50,50,57,40,33,377,48,39,48,48,48,67,27,18,43,1.5,7,155,139.7,143.5,OBS,146.6,136.4,150.3,140.6
2025-08-10,2618,18,33,23,43,40,30,40,40,30,280,18,9,32,27,15,27,27,15,21,1.1,5,167,153.3,157.5,OBS,147.0,136.8,150.6,141.1
2025-08-11,2618,19,43,23,33,23,33,40,23,27,247,32,9,18,9,18,27,9,12,17,0.9,4,166,145.7,149.6,OBS,147.5,137.2,151.1,141.4
2025-08-12,2618,20,40,30,20,20,30,27,23,30,220,27,15,7,7,15,12,9,15,13,0.8,4,162,152.5,156.6,OBS,148.1,137.5,151.6,141.8
2025-08-13,2618,21,20,27,27,23,27,30,30,33,217,7,12,12,9,12,15,15,18,12,0.7,3,167,140.0,143.7,OBS,148.7,137.7,152.2,141.9
2025-08-14,2618,22,33,20,30,27,20,13,13,20,177,18,7,15,12,7,5,5,7,10,0.5,2,165,130.4,133.8,OBS,149.3,137.6,152.8,141.9
2025-08-15,2618,23,23,20,20,13,13,13,17,13,133,9,7,7,5,5,5,6,5,6,0.3,1,138,122.8,125.9,OBS,150.1,137.5,153.6,141.8
2025-08-16,2618,24,3,13,7,13,10,17,10,17,90,2,5,3,5,4,6,4,6,4,0.2,1,120,122.1,125.2,OBS,150.8,137.3,154.2,141.6
2025-08-17,2618,25,7,13,17,10,17,10,3,0,77,3,5,6,4,6,4,2,0,4,0.1,0,74,117.4,120.3,OBS,151.4,137.0,154.7,141.2
2025-08-18,2618,26,0,3,7,20,23,30,13,20,117,0,2,3,7,9,15,5,7,6,0.3,1,64,113.8,116.6,OBS,151.9,136.6,155.3,140.8
2025-08-19,2618,27,30,20,20,23,40,40,47,37,257,15,7,7,9,27,27,39,22,19,1.0,5,36,116.0,118.8,OBS,152.6,136.1,155.9,140.3
2025-08-20,2619,1,40,30,30,20,13,20,23,30,207,27,15,15,7,5,7,9,15,12,0.7,3,60,119.7,122.5,OBS,153.3,135.6,156.5,139.7
2025-08-21,2619,2,27,20,7,10,10,17,23,20,133,12,7,3,4,4,6,9,7,6,0.3,1,67,121.0,123.8,OBS,153.9,135.2,157.2,139.3
2025-08-22,2619,3,30,20,7,7,17,17,20,27,143,15,7,3,3,6,6,7,12,7,0.4,2,56,135.7,138.8,OBS,154.5,135.1,157.7,139.3
2025-08-23,2619,4,20,20,10,17,10,7,7,13,103,7,7,4,6,4,3,3,5,5,0.2,1,72,142.5,145.6,OBS,155.0,135.2,158.1,139.4
2025-08-24,2619,5,17,17,7,10,10,13,17,10,100,6,6,3,4,4,5,6,4,5,0.2,1,100,151.5,154.8,OBS,155.5,135.5,158.6,139.6
2025-08-25,2619,6,7,17,3,10,30,30,17,17,130,3,6,2,4,15,15,6,6,7,0.4,2,137,174.9,178.6,OBS,155.7,136.1,158.7,140.2
2025-08-26,2619,7,17,27,17,23,13,10,13,17,137,6,12,6,9,5,4,5,6,7,0.3,1,183,202.3,206.5,OBS,155.7,137.0,158.6,141.2
2025-08-27,2619,8,13,7,7,23,27,17,20,20,133,5,3,3,9,12,6,7,7,6,0.3,1,198,225.7,230.3,OBS,155.4,138.3,158.3,142.5
2025-08-28,2619,9,17,13,20,13,17,17,17,20,133,6,5,7,5,6,6,6,7,6,0.3,1,204,231.6,236.2,OBS,155.1,139.8,157.9,143.9
2025-08-29,2619,10,20,17,7,10,17,13,20,20,123,7,6,3,4,6,5,7,7,6,0.3,1,197,221.7,226.0,OBS,154.7,141.0,157.4,145.2
2025-08-30,2619,11,13,10,17,20,17,20,17,23,137,5,4,6,7,6,7,6,9,6,0.3,1,181,316.5,322.5,OBS,154.3,143.3,157.0,147.5
2025-08-31,2619,12,20,17,13,23,17,20,17,10,137,7,6,5,9,6,7,6,4,6,0.3,1,187,217.0,221.1,OBS,154.0,144.3,156.7,148.4
2025-09-01,2619,13,13,13,10,10,10,17,30,57,160,5,5,4,4,4,6,15,67,14,0.8,4,176,201.9,205.5,OBS,153.9,145.0,156.4,149.2
2025-09-02,2619,14,53,43,40,33,30,43,47,43,333,56,32,27,18,15,32,39,32,31,1.3,6,162,187.4,190.7,OBS,153.8,145.6,156.3,149.7
2025-09-03,2619,15,43,33,20,23,17,13,23,3,177,32,18,7,9,6,5,9,2,11,0.6,3,146,179.6,182.7,OBS,153.6,145.9,156.0,150.0
2025-09-04,2619,16,13,7,17,27,23,23,23,30,163,5,3,6,12,9,9,9,15,8,0.5,2,157,172.0,174.9,OBS,153.7,146.1,156.0,150.2
2025-09-05,2619,17,13,3,7,17,10,13,27,30,120,5,2,3,6,4,5,12,15,6,0.3,1,138,149.0,151.4,OBS,153.9,146.1,156.2,150.1
2025-09-06,2619,18,33,37,40,37,40,50,40,13,290,18,22,27,22,27,48,27,5,24,1.2,6,111,146.4,148.7,OBS,154.1,146.2,156.3,150.2
2025-09-07,2619,19,0,3,0,0,3,3,17,20,47,0,2,0,0,2,2,6,7,2,0.0,0,92,132.5,134.5,OBS,154.3,146.1,156.5,150.1
2025-09-08,2619,20,33,37,23,20,30,27,30,13,213,18,22,9,7,15,12,15,5,13,0.7,3,113,124.6,126.4,OBS,154.4,146.0,156.5,149.9
2025-09-09,2619,21,30,23,27,20,27,20,30,53,230,15,9,12,7,12,7,15,56,17,0.9,4,101,121.7,123.4,OBS,154.4,145.9,156.4,149.8
2025-09-10,2619,22,40,40,7,17,20,20,13,13,170,27,27,3,6,7,7,5,5,11,0.6,3,86,119.0,120.6,OBS,154.4,145.8,156.3,149.8
2025-09-11,2619,23,33,23,23,13,13,17,10,17,150,18,9,9,5,5,6,4,6,8,0.4,2,83,115.2,116.7,OBS,154.2,145.7,156.1,149.6
2025-09-12,2619,24,3,20,23,27,17,17,17,7,130,2,7,9,12,6,6,6,3,6,0.3,1,65,114.1,115.5,OBS,154.0,145.6,155.8,149.5
2025-09-13,2619,25,13,23,27,17,7,7,3,7,103,5,9,12,6,3,3,2,3,5,0.2,1,53,117.6,119.0,OBS,153.8,145.6,155.6,149.4
2025-09-14,2619,26,17,17,17,17,17,20,27,47,177,6,6,6,6,6,7,12,39,11,0.6,3,69,122.1,123.5,OBS,153.7,145.7,155.4,149.5
2025-09-15,2619,27,67,57,47,47,53,37,37,40,383,111,67,39,39,56,22,22,27,48,1.6,7,79,129.9,131.3,OBS,153.3,145.8,154.9,149.6
2025-09-16,2620,1,43,37,37,30,30,23,27,27,253,32,22,22,15,15,9,12,12,17,0.9,4,117,134.7,136.2,OBS,152.9,146.0,154.4,149.8
2025-09-17,2620,2,20,27,30,27,20,13,23,23,183,7,12,15,12,7,5,9,9,10,0.5,2,126,147.2,148.6,OBS,152.5,146.3,154.0,150.0
2025-09-18,2620,3,17,17,17,23,20,20,7,10,130,6,6,6,9,7,7,3,4,6,0.3,1,127,150.4,151.8,OBS,152.2,146.6,153.6,150.3
2025-09-19,2620,4,0,0,0,3,10,3,3,3,23,0,0,0,2,4,2,2,2,2,0.0,0,138,159.9,161.3,OBS,152.0,147.0,153.3,150.6
2025-09-20,2620,5,7,13,17,10,7,7,3,13,77,3,5,6,4,3,3,2,5,4,0.1,0,153,166.4,167.8,OBS,151.6,147.5,152.8,151.1
2025-09-21,2620,6,7,13,17,3,17,17,10,10,93,3,5,6,2,6,6,4,4,4,0.2,1,164,176.0,177.3,OBS,151.3,148.1,152.5,151.6
2025-09-22,2620,7,23,23,20,30,30,30,33,33,223,9,9,7,15,15,15,18,18,13,0.8,4,161,172.4,173.7,OBS,150.9,148.7,151.9,152.2
2025-09-23,2620,8,33,30,27,27,37,33,27,17,230,18,15,12,12,22,18,12,6,14,0.8,4,186,171.3,172.5,OBS,150.6,149.3,151.7,152.8
2025-09-24,2620,9,17,13,10,17,23,20,13,23,137,6,5,4,6,9,7,5,9,6,0.3,1,144,184.7,185.8,OBS,150.7,150.1,151.6,153.6
2025-09-25,2620,10,7,10,13,23,23,17,17,17,127,3,4,5,9,9,6,6,6,6,0.3,1,152,170.4,171.4,OBS,151.1,150.8,152.0,154.2
2025-09-26,2620,11,20,17,7,17,10,7,23,13,113,7,6,3,6,4,3,9,5,5,0.2,1,142,165.1,165.9,OBS,151.4,151.4,152.3,154.7
2025-09-27,2620,12,7,13,7,7,10,7,23,20,93,3,5,3,3,4,3,9,7,5,0.2,1,138,163.5,164.2,OBS,152.0,151.9,152.8,155.3
2025-09-28,2620,13,30,30,7,17,17,27,27,17,170,15,15,3,6,6,12,12,6,9,0.5,2,155,170.5,171.2,OBS,152.7,152.6,153.3,155.9
2025-09-29,2620,14,23,23,30,47,40,53,50,33,300,9,9,15,39,27,56,48,18,28,1.2,6,178,186.4,187.0,OBS,153.3,153.3,153.9,156.5
2025-09-30,2620,15,50,70,60,50,57,57,63,53,460,48,132,80,48,67,67,94,56,74,1.8,7,179,187.1,187.6,OBS,154.0,153.9,154.6,157.2
2025-10-01,2620,16,50,50,47,40,50,47,63,43,390,48,48,39,27,48,39,94,32,47,1.5,7,167,184.0,184.4,OBS,154.8,154.5,155.2,157.7
2025-10-02,2620,17,53,67,43,47,40,27,50,43,370,56,111,32,39,27,12,48,32,45,1.5,7,169,167.8,168.1,OBS,155.2,155.0,155.5,158.1
2025-10-03,2620,18,43,50,47,40,33,37,37,27,313,32,48,39,27,18,22,22,12,28,1.2,6,175,169.6,169.8,OBS,155.4,155.5,155.7,158.6
2025-10-04,2620,19,30,33,37,37,40,37,30,23,267,15,18,22,22,27,22,15,9,19,1.0,5,153,157.6,157.7,OBS,155.5,155.7,155.7,158.7
2025-10-05,2620,20,23,33,30,13,20,10,3,10,143,9,18,15,5,7,4,2,4,8,0.4,2,147,147.7,147.7,OBS,155.1,155.7,155.2,158.6
2025-10-06,2620,21,3,0,7,7,13,17,17,20,83,2,0,3,3,5,6,6,7,4,0.1,0,147,133.1,133.0,OBS,154.2,155.4,154.3,158.3
2025-10-07,2620,22,20,23,23,27,40,33,27,20,213,7,9,9,12,27,18,12,7,13,0.7,3,123,130.5,130.3,OBS,153.1,155.1,153.0,157.9
2025-10-08,2620,23,27,37,23,17,23,23,13,3,167,12,22,9,6,9,9,5,2,9,0.5,2,78,119.6,119.4,OBS,151.7,154.7,151.6,157.4
2025-10-09,2620,24,3,3,20,7,10,7,13,20,83,2,2,7,3,4,3,5,7,4,0.1,0,61,121.6,121.3,OBS,150.5,154.3,150.3,157.0
2025-10-10,2620,25,33,20,27,20,13,10,13,17,153,18,7,12,7,5,4,5,6,8,0.4,2,79,120.7,120.3,OBS,148.1,154.0,147.7,156.7
2025-10-11,2620,26,20,37,43,30,20,23,27,37,237,7,22,32,15,7,9,12,22,16,0.9,4,105,131.2,130.7,OBS,146.9,153.9,146.5,156.4
2025-10-12,2620,27,40,40,40,40,40,47,50,43,340,27,27,27,27,27,39,48,32,32,1.3,6,129,142.5,141.9,OBS,145.9,153.8,145.4,156.3
2025-10-13,2621,1,47,43,33,37,30,27,33,27,277,39,32,18,22,15,12,18,12,21,1.1,5,128,141.4,140.7,OBS,145.1,153.6,144.5,156.0
2025-10-14,2621,2,23,20,20,13,20,20,10,23,150,9,7,7,5,7,7,4,9,7,0.3,1,125,154.4,153.6,OBS,144.3,153.7,143.7,156.0
2025-10-15,2621,3,37,33,30,23,17,10,7,17,173,22,18,15,9,6,4,3,6,10,0.6,3,123,162.1,161.1,OBS,143.6,153.9,142.9,156.2
2025-10-16,2621,4,3,3,13,10,7,3,13,13,67,2,2,5,4,3,2,5,5,4,0.1,0,132,160.6,159.6,OBS,143.2,154.1,142.4,156.3
2025-10-17,2621,5,13,17,27,37,23,30,17,13,177,5,6,12,22,9,15,6,5,10,0.6,3,120,164.3,163.2,OBS,142.9,154.3,142.1,156.5
2025-10-18,2621,6,37,43,47,40,33,47,63,43,353,22,32,39,27,18,39,94,32,38,1.4,6,114,157.1,155.9,OBS,142.8,154.4,141.9,156.5
2025-10-19,2621,7,50,30,20,33,30,33,23,27,247,48,15,7,18,15,18,9,12,18,1.0,5,107,148.5,147.3,OBS,143.0,154.4,142.0,156.4
2025-10-20,2621,8,27,27,23,13,17,10,13,17,147,12,12,9,5,6,4,5,6,7,0.4,2,112,140.4,139.1,OBS,143.6,154.4,142.5,156.3
2025-10-21,2621,9,27,30,17,3,10,13,27,23,150,12,15,6,2,4,5,12,9,8,0.4,2,124,132.9,131.7,OBS,144.3,154.2,143.2,156.1
2025-10-22,2621,10,3,7,7,7,10,10,13,13,70,2,3,3,3,4,4,5,5,4,0.1,0,110,132.9,131.6,OBS,145.3,154.0,144.1,155.8
2025-10-23,2621,11,17,10,0,13,13,10,20,23,107,6,4,0,5,5,4,7,9,5,0.2,1,100,129.9,128.6,OBS,146.4,153.8,145.1,155.6
2025-10-24,2621,12,27,23,20,23,20,23,30,13,180,12,9,7,9,7,9,15,5,9,0.5,2,101,133.6,132.2,OBS,147.5,153.7,146.1,155.4
2025-10-25,2621,13,23,37,30,20,20,7,3,3,143,9,22,15,7,7,3,2,2,8,0.5,2,102,127.0,125.6,OBS,148.7,153.3,147.2,154.9
2025-10-26,2621,14,7,7,13,13,0,7,0,7,53,3,3,5,5,0,3,0,3,3,0.0,0,103,123.4,121.9,OBS,149.7,152.9,148.1,154.4
2025-10-27,2621,15,7,7,7,7,7,17,20,30,100,3,3,3,3,3,6,7,15,5,0.2,1,99,121.4,119.9,OBS,150.5,152.5,148.8,154.0
2025-10-28,2621,16,30,33,33,20,33,30,40,40,260,15,18,18,7,18,15,27,27,18,1.0,5,113,122.3,120.7,OBS,151.1,152.2,149.3,153.6
2025-10-29,2621,17,23,27,33,30,30,37,40,43,263,9,12,18,15,15,22,27,32,19,1.0,5,100,118.4,116.8,OBS,151.5,152.0,149.6,153.3
2025-10-30,2621,18,43,37,40,53,53,43,37,50,357,32,22,27,56,56,32,22,48,37,1.4,6,70,120.3,118.6,OBS,151.8,151.6,149.8,152.8
2025-10-31,2621,19,43,47,43,33,37,30,27,27,287,32,39,32,18,22,15,12,12,23,1.1,5,44,125.3,123.4,OBS,151.8,151.3,149.8,152.5
2025-11-01,2621,20,27,33,27,23,27,30,30,23,220,12,18,12,9,12,15,15,9,13,0.7,3,21,115.3,113.6,OBS,151.5,150.9,149.4,151.9
2025-11-02,2621,21,43,33,23,23,23,37,27,30,240,32,18,9,9,9,22,12,15,16,0.9,4,42,123.0,121.1,OBS,151.0,150.6,148.8,151.7
2025-11-03,2621,22,27,33,43,37,33,37,30,33,273,12,18,32,22,18,22,15,18,20,1.0,5,74,133.0,130.8,OBS,150.4,150.7,148.2,151.6
2025-11-04,2621,23,30,23,20,30,17,20,17,17,173,15,9,7,15,6,7,6,6,9,0.5,2,84,159.2,156.6,OBS,149.6,151.1,147.3,152.0
2025-11-05,2621,24,37,33,40,20,17,23,40,57,267,22,18,27,7,6,9,27,67,23,1.1,5,79,147.5,144.9,OBS,148.9,151.4,146.6,152.3
2025-11-06,2621,25,50,67,60,37,20,30,37,47,347,48,111,80,22,7,15,22,39,43,1.5,7,109,163.7,160.8,OBS,148.3,152.0,145.9,152.8
2025-11-07,2621,26,53,53,50,40,33,30,30,30,320,56,56,48,27,18,15,15,15,31,1.3,6,130,165.8,162.7,OBS,147.8,152.7,145.3,153.3
2025-11-08,2621,27,60,53,53,37,33,33,27,13,310,80,56,56,22,18,18,12,5,33,1.3,6,142,171.9,168.7,OBS,147.1,153.3,144.6,153.9
2025-11-09,2622,1,17,13,23,10,20,10,10,30,133,6,5,9,4,7,4,4,15,7,0.3,1,154,175.6,172.3,OBS,146.3,154.0,143.7,154.6
2025-11-10,2622,2,27,20,10,23,27,43,30,33,213,12,7,4,9,12,32,15,18,14,0.8,4,151,180.3,176.8,OBS,145.4,154.8,142.8,155.2
2025-11-11,2622,3,13,27,10,23,7,10,3,23,117,5,12,4,9,3,4,2,9,6,0.3,1,149,168.0,164.7,OBS,144.7,155.2,142.0,155.5
2025-11-12,2622,4,87,87,70,77,53,43,57,40,513,300,300,132,179,56,32,67,27,137,1.9,8,137,163.3,160.0,OBS,144.3,155.4,141.5,155.7
2025-11-13,2622,5,67,73,63,37,47,37,27,7,357,111,154,94,22,39,22,12,3,57,1.7,7,127,155.9,152.7,OBS,143.9,155.5,141.1,155.7
2025-11-14,2622,6,7,7,7,13,10,10,3,0,57,3,3,3,5,4,4,2,0,3,0.1,0,103,145.3,142.2,OBS,143.6,155.1,140.8,155.2
2025-11-15,2622,7,13,10,20,17,17,17,33,30,157,5,4,7,6,6,6,18,15,8,0.5,2,100,132.3,129.4,OBS,143.8,154.2,140.9,154.3
2025-11-16,2622,8,33,37,27,27,37,30,30,33,253,18,22,12,12,22,15,15,18,17,0.9,4,67,132.3,129.3,OBS,144.2,153.1,141.2,153.0
2025-11-17,2622,9,37,27,30,10,20,7,20,20,170,22,12,15,4,7,3,7,7,10,0.5,2,57,122.3,119.5,OBS,144.8,151.7,141.7,151.6
2025-11-18,2622,10,23,20,20,3,0,0,0,7,73,9,7,7,2,0,0,0,3,4,0.1,0,62,120.1,117.4,OBS,145.6,150.5,142.5,150.3
2025-11-19,2622,11,3,0,7,3,3,3,10,3,33,2,0,3,2,2,2,4,2,2,0.0,0,54,122.5,119.6,OBS,146.6,148.1,143.4,147.7
2025-11-20,2622,12,3,17,10,10,3,20,27,30,120,2,6,4,4,2,7,12,15,6,0.3,1,59,121.4,118.5,OBS,147.3,146.9,144.0,146.5
2025-11-21,2622,13,27,27,7,13,17,20,20,13,143,12,12,3,5,6,7,7,5,7,0.4,2,66,121.2,118.3,OBS,147.8,145.9,144.5,145.4
2025-11-22,2622,14,20,10,7,3,10,7,17,23,97,7,4,3,2,4,3,6,9,5,0.2,1,61,119.3,116.4,OBS,148.1,145.1,144.7,144.5
2025-11-23,2622,15,27,17,17,23,30,37,27,23,200,12,6,6,9,15,22,12,9,11,0.7,3,81,119.6,116.7,OBS,148.4,144.3,145.0,143.7
2025-11-24,2622,16,30,30,33,33,47,37,33,33,277,15,15,18,18,39,22,18,18,20,1.0,5,102,116.2,113.2,OBS,148.6,143.6,145.1,142.9
2025-11-25,2622,17,47,47,43,40,40,40,40,27,323,39,39,32,27,27,27,27,12,29,1.3,6,99,116.9,113.9,OBS,148.5,143.2,144.9,142.4
2025-11-26,2622,18,27,40,43,33,40,43,33,30,290,12,27,32,18,27,32,18,15,23,1.1,5,82,120.8,117.7,OBS,148.4,142.9,144.8,142.1
2025-11-27,2622,19,27,33,40,43,40,37,43,43,307,12,18,27,32,27,22,32,32,25,1.2,6,91,120.9,117.7,OBS,148.2,142.8,144.5,141.9
2025-11-28,2622,20,33,30,37,40,37,37,33,27,273,18,15,22,27,22,22,18,12,20,1.0,5,83,138.2,134.5,OBS,147.9,143.0,144.2,142.0
2025-11-29,2622,21,23,33,37,33,40,40,30,30,267,9,18,22,18,27,27,15,15,19,1.0,5,83,170.7,166.0,OBS,147.8,143.6,144.1,142.5
2025-11-30,2622,22,37,40,23,30,13,23,30,27,223,22,27,9,15,5,9,15,12,14,0.8,4,103,180.4,175.4,OBS,147.5,144.3,143.7,143.2
2025-12-01,2622,23,37,7,17,17,20,30,20,13,160,22,3,6,6,7,15,7,5,9,0.5,2,156,196.7,191.2,OBS,147.3,145.3,143.5,144.1
2025-12-02,2622,24,20,27,7,17,10,20,27,20,147,7,12,3,6,4,7,12,7,7,0.4,2,180,200.9,195.2,OBS,147.0,146.4,143.2,145.1
2025-12-03,2622,25,10,23,17,27,40,43,67,50,277,4,9,6,12,27,32,111,48,31,1.3,6,185,209.5,203.6,OBS,146.8,147.5,142.9,146.1
2025-12-04,2622,26,50,50,47,43,40,40,37,30,337,48,48,39,32,27,27,22,15,32,1.3,6,184,219.9,213.6,OBS,146.6,148.7,142.7,147.2
2025-12-05,2622,27,30,33,33,27,23,23,33,27,230,15,18,18,12,9,9,18,12,14,0.8,4,175,206.1,200.2,OBS,146.6,149.7,142.7,148.1
2025-12-06,2623,1,33,37,40,30,27,23,20,17,227,18,22,27,15,12,9,7,6,14,0.8,4,167,199.9,194.0,OBS,146.8,150.5,142.8,148.8
2025-12-07,2623,2,23,33,30,23,13,0,0,0,123,9,18,15,9,5,0,0,0,7,0.4,2,161,194.4,188.6,OBS,147.1,151.1,143.1,149.3
2025-12-08,2623,3,0,3,0,0,0,0,10,3,17,0,2,0,0,0,0,4,2,1,0.0,0,166,186.2,180.7,OBS,147.6,151.5,143.5,149.6
2025-12-09,2623,4,7,0,7,7,13,13,13,10,70,3,0,3,3,5,5,5,4,4,0.1,0,155,183.7,178.1,OBS,149.0,151.8,144.8,149.8
2025-12-10,2623,5,20,23,33,13,20,23,30,60,223,7,9,18,5,7,9,15,80,19,1.0,5,132,168.5,163.4,OBS,149.6,151.8,145.5,149.8
2025-12-11,2623,6,60,47,23,20,20,37,47,30,283,80,39,9,7,7,22,39,15,27,1.2,6,120,146.9,142.4,OBS,150.3,151.5,146.1,149.4
2025-12-12,2623,7,40,40,30,33,30,40,50,47,310,27,27,15,18,15,27,48,39,27,1.2,6,98,134.5,130.4,OBS,151.2,151.0,146.9,148.8
2025-12-13,2623,8,47,23,20,23,23,23,33,23,217,39,9,7,9,9,9,18,9,14,0.8,4,87,122.1,118.3,OBS,152.1,150.4,147.7,148.2
2025-12-14,2623,9,27,20,10,17,10,10,13,7,113,12,7,4,6,4,4,5,3,6,0.3,1,72,118.8,115.1,OBS,152.6,149.6,148.3,147.3
2025-12-15,2623,10,7,3,10,13,30,13,3,13,93,3,2,4,5,15,5,2,5,5,0.2,1,77,118.3,114.6,OBS,152.8,148.9,148.4,146.6
2025-12-16,2623,11,30,23,17,20,23,30,23,27,193,15,9,6,7,9,15,9,12,10,0.6,3,77,116.7,113.0,OBS,153.0,148.3,148.6,145.9
2025-12-17,2623,12,23,30,27,23,27,27,40,47,243,9,15,12,9,12,12,27,39,17,0.9,4,82,118.5,114.7,OBS,152.9,147.8,148.4,145.3
2025-12-18,2623,13,43,27,37,33,20,30,30,27,247,32,12,22,18,7,15,15,12,17,0.9,4,71,115.9,112.2,OBS,152.6,147.1,148.1,144.6
2025-12-19,2623,14,23,20,13,7,10,17,20,17,127,9,7,5,3,4,6,7,6,6,0.3,1,50,118.2,114.4,OBS,152.1,146.3,147.6,143.7
2025-12-20,2623,15,20,7,13,10,17,20,17,17,120,7,3,5,4,6,7,6,6,6,0.2,1,58,119.5,115.7,OBS,151.5,145.4,147.1,142.8
2025-12-21,2623,16,33,27,30,37,47,47,33,47,300,18,12,15,22,39,39,18,39,25,1.2,6,69,123.9,120.0,OBS,150.9,144.7,146.4,142.0
2025-12-22,2623,17,33,33,33,30,47,37,37,43,293,18,18,18,15,39,22,22,32,23,1.1,5,82,133.3,129.0,OBS,150.6,144.3,146.1,141.5
2025-12-23,2623,18,30,37,33,33,33,33,40,40,280,15,22,18,18,18,18,27,27,20,1.0,5,114,141.6,137.0,OBS,150.5,143.9,146.0,141.1
2025-12-24,2623,19,40,43,37,27,33,33,30,27,270,27,32,22,12,18,18,15,12,20,1.0,5,131,134.2,129.8,OBS,150.8,143.6,146.2,140.8
2025-12-25,2623,20,30,30,30,20,23,23,13,17,187,15,15,15,7,9,9,5,6,10,0.6,3,127,162.5,157.2,OBS,151.2,143.8,146.6,140.9
2025-12-26,2623,21,13,23,20,20,23,33,7,10,150,5,9,7,7,9,18,3,4,8,0.4,2,127,166.4,160.9,OBS,151.6,144.2,147.0,141.2
2025-12-27,2623,22,10,27,17,17,10,10,23,17,130,4,12,6,6,4,4,9,6,6,0.3,1,147,177.7,171.8,OBS,152.1,144.8,147.5,141.7
2025-12-28,2623,23,20,7,7,20,20,27,23,20,143,7,3,3,7,7,12,9,7,7,0.3,1,161,187.7,181.6,OBS,152.6,145.6,148.0,142.5
2025-12-29,2623,24,30,27,23,23,20,10,3,20,157,15,12,9,9,7,4,2,7,8,0.4,2,147,195.8,189.4,OBS,153.2,146.6,148.6,143.4
2025-12-30,2623,25,13,17,17,13,30,27,20,10,147,5,6,6,5,15,12,7,4,8,0.4,2,146,182.1,176.1,OBS,153.8,147.3,149.1,144.0
2025-12-31,2623,26,20,13,20,17,33,13,10,10,137,7,5,7,6,18,5,4,4,7,0.4,2,145,170.5,164.8,OBS,154.1,147.8,149.4,144.5
2026-01-01,2623,27,20,30,23,27,30,23,23,27,203,7,15,9,12,15,9,9,12,11,0.6,3,123,169.2,163.6,OBS,154.3,148.1,149.6,144.7
2026-01-02,2624,1,27,40,30,27,37,33,50,43,287,12,27,15,12,22,18,48,32,23,1.1,5,117,166.0,160.5,OBS,154.5,148.4,149.8,145.0
2026-01-03,2624,2,30,30,20,17,30,23,23,10,183,15,15,7,6,15,9,9,4,10,0.6,3,117,165.2,159.8,OBS,154.6,148.6,149.9,145.1
2026-01-04,2624,3,0,0,0,7,3,7,20,30,67,0,0,0,3,2,3,7,15,4,0.1,0,118,157.4,152.2,OBS,154.6,148.5,149.9,144.9
2026-01-05,2624,4,30,40,43,27,27,7,3,13,190,15,27,32,12,12,3,2,5,14,0.8,4,106,154.3,149.2,OBS,154.6,148.4,149.9,144.8
2026-01-06,2624,5,7,7,10,20,23,7,3,0,77,3,3,4,7,9,3,2,0,4,0.1,0,111,144.5,139.7,OBS,154.5,148.2,149.8,144.5
2026-01-07,2624,6,0,7,0,3,7,10,23,20,70,0,3,0,2,3,4,9,7,4,0.1,0,118,135.0,130.6,OBS,154.5,147.9,149.8,144.2
2026-01-08,2624,7,40,33,37,20,10,10,20,30,200,27,18,22,7,4,4,7,15,13,0.7,3,82,140.2,135.5,OBS,154.3,147.8,149.6,144.1
2026-01-09,2624,8,33,30,20,20,17,27,30,17,193,18,15,7,7,6,12,15,6,11,0.6,3,65,116.8,113.0,OBS,153.7,147.5,149.0,143.7
2026-01-10,2624,9,20,30,33,30,47,33,57,57,307,7,15,18,15,39,18,67,67,31,1.3,6,65,114.2,110.4,OBS,152.9,147.3,148.2,143.5
2026-01-11,2624,10,43,27,30,23,40,50,53,40,307,32,12,15,9,27,48,56,27,28,1.2,6,64,110.6,107.0,OBS,151.8,147.0,147.2,143.2
2026-01-12,2624,11,30,40,37,27,17,20,30,43,243,15,27,22,12,6,7,15,32,17,0.9,4,57,112.9,109.2,OBS,150.7,146.8,146.1,142.9
2026-01-13,2624,12,33,27,17,20,3,10,23,20,153,18,12,6,7,2,4,9,7,8,0.4,2,48,116.6,112.8,OBS,149.5,146.6,145.0,142.7
2026-01-14,2624,13,17,20,7,7,20,13,17,27,127,6,7,3,3,7,5,6,12,6,0.3,1,64,126.5,122.4,OBS,148.1,146.6,143.6,142.7
2026-01-15,2624,14,27,20,27,23,10,30,30,23,190,12,7,12,9,4,15,15,9,10,0.6,3,95,139.3,134.8,OBS,147.0,146.8,142.6,142.8
2026-01-16,2624,15,33,37,33,27,33,50,40,47,300,18,22,18,12,18,48,27,39,25,1.2,6,136,147.5,142.8,OBS,146.1,147.1,141.7,143.1
2026-01-17,2624,16,50,33,40,30,30,37,40,37,297,48,18,27,15,15,22,27,22,24,1.2,6,134,159.2,154.1,OBS,145.3,147.6,141.0,143.5
2026-01-18,2624,17,27,37,27,23,23,27,37,30,230,12,22,12,9,9,12,22,15,14,0.8,4,139,231.8,224.4,OBS,144.7,149.0,140.4,144.8
2026-01-19,2624,18,33,7,3,10,13,30,83,87,267,18,3,2,4,5,15,236,300,73,1.8,7,164,173.4,167.9,OBS,144.2,149.6,139.9,145.5
2026-01-20,2624,19,67,57,73,77,73,73,73,77,570,111,67,154,179,154,154,154,179,144,2.0,9,168,177.6,172.0,OBS,143.9,150.3,139.7,146.1
2026-01-21,2624,20,73,67,70,63,43,40,33,27,417,154,111,132,94,32,27,18,12,72,1.8,7,164,188.0,182.1,OBS,143.9,151.2,139.7,146.9
2026-01-22,2624,21,40,30,23,20,23,20,17,53,227,27,15,9,7,9,7,6,56,17,0.9,4,189,194.4,188.4,OBS,144.0,152.1,139.8,147.7
2026-01-23,2624,22,40,40,37,43,33,43,43,40,320,27,27,22,32,18,32,32,27,27,1.2,6,170,179.5,173.9,OBS,144.3,152.6,140.1,148.3
2026-01-24,2624,23,43,17,23,23,30,30,40,30,237,32,6,9,9,15,15,27,15,16,0.9,4,158,173.5,168.1,OBS,144.6,152.8,140.4,148.4
2026-01-25,2624,24,33,30,30,30,33,33,23,17,230,18,15,15,15,18,18,9,6,14,0.8,4,153,164.5,159.4,OBS,144.9,153.0,140.8,148.6
2026-01-26,2624,25,20,10,20,23,27,20,30,33,183,7,4,7,9,12,7,15,18,10,0.6,3,138,152.7,148.0,OBS,145.1,152.9,141.0,148.4
2026-01-27,2624,26,17,30,10,17,10,20,30,30,163,6,15,4,6,4,7,15,15,9,0.5,2,97,143.7,139.4,OBS,145.3,152.6,141.2,148.1
2026-01-28,2624,27,33,33,27,37,33,43,33,50,290,18,18,12,22,18,32,18,48,23,1.1,5,117,133.1,129.1,OBS,145.5,152.1,141.4,147.6
2026-01-29,2625,1,43,33,20,37,37,40,37,33,280,32,18,7,22,22,27,22,18,21,1.1,5,96,128.7,124.9,OBS,145.6,151.5,141.6,147.1
2026-01-30,2625,2,37,27,20,23,17,13,0,23,160,22,12,7,9,6,5,0,9,9,0.5,2,83,127.5,123.8,OBS,145.6,150.9,141.6,146.4
2026-01-31,2625,3,20,20,13,3,7,3,10,3,80,7,7,5,2,3,2,4,2,4,0.1,0,109,140.5,136.4,OBS,145.6,150.6,141.6,146.1
2026-02-01,2625,4,0,3,13,10,10,10,10,10,67,0,2,5,4,4,4,4,4,3,0.1,0,103,161.5,156.8,OBS,145.4,150.5,141.5,146.0
2026-02-02,2625,5,23,23,10,10,13,7,10,13,110,9,9,4,4,5,3,4,5,5,0.2,1,131,173.8,168.8,OBS,145.1,150.8,141.2,146.2
2026-02-03,2625,6,20,17,7,7,7,10,20,3,90,7,6,3,3,3,4,7,2,4,0.2,1,165,177.6,172.5,OBS,144.7,151.2,140.9,146.6
2026-02-04,2625,7,0,0,7,10,23,33,23,37,133,0,0,3,4,9,18,9,22,8,0.4,2,148,167.2,162.5,OBS,144.1,151.6,140.3,147.0
2026-02-05,2625,8,40,53,43,37,33,13,13,10,243,27,56,32,22,18,5,5,4,21,1.1,5,138,175.9,171.0,OBS,143.4,152.1,139.7,147.5
2026-02-06,2625,9,0,13,20,30,37,43,37,30,210,0,5,7,15,22,32,22,15,15,0.8,4,139,163.7,159.2,OBS,142.6,152.6,138.9,148.0
2026-02-07,2625,10,37,37,27,27,20,27,27,33,233,22,22,12,12,7,12,12,18,15,0.8,4,141,169.4,164.8,OBS,141.6,153.2,138.0,148.6
2026-02-08,2625,11,23,23,7,10,10,10,20,27,130,9,9,3,4,4,4,7,12,6,0.3,1,141,167.4,162.9,OBS,140.5,153.8,136.9,149.1
2026-02-09,2625,12,23,13,13,13,23,20,10,20,137,9,5,5,5,9,7,4,7,6,0.3,1,117,144.2,140.4,OBS,139.5,154.1,136.0,149.4
2026-02-10,2625,13,10,3,7,27,20,17,27,43,153,4,2,3,12,7,6,12,32,10,0.5,2,112,142.1,138.4,OBS,138.9,154.3,135.5,149.6
2026-02-11,2625,14,40,30,27,30,23,30,30,37,247,27,15,12,15,9,15,15,22,16,0.9,4,92,128.9,125.6,OBS,138.4,154.5,135.0,149.8
2026-02-12,2625,15,23,23,20,23,10,23,7,20,150,9,9,7,9,4,9,3,7,7,0.4,2,80,129.0,125.7,OBS,137.9,154.6,134.6,149.9
2026-02-13,2625,16,40,20,20,20,17,27,23,40,207,27,7,7,7,6,12,9,27,13,0.7,3,65,117.3,114.4,OBS,137.6,154.6,134.3,149.9
2026-02-14,2625,17,27,23,3,3,7,10,23,47,143,12,9,2,2,3,4,9,39,10,0.6,3,77,116.9,114.0,OBS,137.5,154.6,134.3,149.9
2026-02-15,2625,18,50,53,33,27,27,33,30,40,293,48,56,18,12,12,18,15,27,26,1.2,6,72,117.5,114.7,OBS,137.5,154.5,134.4,149.8
2026-02-16,2625,19,43,40,40,33,20,37,57,23,293,32,27,27,18,7,22,67,9,26,1.2,6,75,117.9,115.1,OBS,137.8,154.5,134.7,149.8
2026-02-17,2625,20,20,20,23,27,23,30,20,23,187,7,7,9,12,9,15,7,9,9,0.5,2,66,121.5,118.7,OBS,138.0,154.3,135.0,149.6
2026-02-18,2625,21,20,30,20,23,23,20,23,23,183,7,15,7,9,9,7,9,9,9,0.5,2,43,118.7,116.0,OBS,138.2,153.7,135.2,149.0
2026-02-19,2625,22,30,30,27,20,30,10,10,13,170,15,15,12,7,15,4,4,5,10,0.5,2,43,116.4,113.8,OBS,138.5,152.9,135.5,148.2
2026-02-20,2625,23,7,23,20,20,27,27,27,40,190,3,9,7,7,12,12,12,27,11,0.6,3,33,111.1,108.7,OBS,138.8,151.8,135.9,147.2
2026-02-21,2625,24,40,33,27,17,13,17,27,40,213,27,18,12,6,5,6,12,27,14,0.8,4,15,109.9,107.5,OBS,139.2,150.7,136.3,146.1
2026-02-22,2625,25,37,47,53,40,40,37,40,53,347,22,39,56,27,27,22,27,56,34,1.4,6,4,110.1,107.8,OBS,139.5,149.5,136.7,145.0
2026-02-23,2625,26,30,47,30,33,33,17,43,40,273,15,39,15,18,18,6,32,27,21,1.1,5,8,107.9,105.7,OBS,139.6,148.1,136.8,143.6
2026-02-24,2625,27,27,37,27,27,33,23,33,27,233,12,22,12,12,18,9,18,12,14,0.8,4,5,119.6,117.2,OBS,139.5,147.0,136.8,142.6
2026-02-25,2626,1,33,23,20,30,27,27,20,37,217,18,9,7,15,12,12,7,22,13,0.7,3,15,124.7,122.2,OBS,139.2,146.1,136.6,141.7
2026-02-26,2626,2,37,37,37,30,27,20,33,20,240,22,22,22,15,12,7,18,7,16,0.9,4,34,129.8,127.3,OBS,138.8,145.3,136.1,141.0
2026-02-27,2626,3,30,17,17,20,27,30,13,20,173,15,6,6,7,12,15,5,7,9,0.5,2,47,138.5,135.9,OBS,138.1,144.7,135.6,140.4
2026-02-28,2626,4,17,27,13,13,23,13,20,23,150,6,12,5,5,9,5,7,9,7,0.4,2,59,140.7,138.1,OBS,136.5,144.2,134.0,139.9
2026-03-01,2626,5,27,27,23,17,13,10,17,13,147,12,12,9,6,5,4,6,5,7,0.4,2,76,147.0,144.4,OBS,135.5,143.9,133.1,139.7
2026-03-02,2626,6,13,10,10,3,17,10,10,10,83,5,4,4,2,6,4,4,4,4,0.1,0,76,147.6,145.0,OBS,134.4,143.9,132.1,139.7
2026-03-03,2626,7,3,23,20,20,20,30,33,50,200,2,9,7,7,7,15,18,48,14,0.8,4,79,143.5,141.1,OBS,133.3,144.0,131.1,139.8
2026-03-04,2626,8,20,30,13,20,10,13,17,17,140,7,15,5,7,4,5,6,6,7,0.3,1,66,141.2,138.8,OBS,132.1,144.3,130.0,140.1
2026-03-05,2626,9,17,0,13,3,10,3,3,3,53,6,0,5,2,4,2,2,2,3,0.1,0,85,146.2,143.8,OBS,131.2,144.6,129.1,140.4
2026-03-06,2626,10,10,23,17,10,20,10,10,30,130,4,9,6,4,7,4,4,15,7,0.3,1,83,142.8,140.6,OBS,130.3,144.9,128.3,140.8
2026-03-07,2626,11,40,33,30,20,17,30,37,40,247,27,18,15,7,6,15,22,27,17,0.9,4,81,135.4,133.3,OBS,129.6,145.1,127.7,141.0
2026-03-08,2626,12,43,37,40,27,37,40,30,23,277,32,22,27,12,22,27,15,9,21,1.1,5,75,134.5,132.6,OBS,129.1,145.3,127.2,141.2
2026-03-09,2626,13,17,13,7,13,17,20,20,23,130,6,5,3,5,6,7,7,9,6,0.3,1,77,128.4,126.5,OBS,128.6,145.5,126.8,141.4
2026-03-10,2626,14,33,27,20,20,27,40,30,17,213,18,12,7,7,12,27,15,6,13,0.7,3,80,126.9,125.1,OBS,128.2,145.6,126.5,141.6
2026-03-11,2626,15,33,37,20,17,23,3,20,13,167,18,22,7,6,9,2,7,5,10,0.5,2,108,122.8,121.2,OBS,127.9,145.6,126.3,141.6
2026-03-12,2626,16,23,23,13,10,20,23,17,13,143,9,9,5,4,7,9,6,5,7,0.3,1,96,120.8,119.3,OBS,127.8,145.6,126.2,141.6
2026-03-13,2626,17,30,37,27,43,17,23,27,57,260,15,22,12,32,6,9,12,67,22,1.1,5,79,120.3,118.9,OBS,127.5,145.4,125.9,141.5
2026-03-14,2626,18,60,60,47,43,50,37,27,37,360,80,80,39,32,48,22,12,22,42,1.5,7,57,111.6,110.3,OBS,127.0,145.1,125.6,141.2
2026-03-15,2626,19,40,20,23,40,27,30,30,37,247,27,7,9,27,12,15,15,22,17,0.9,4,64,108.9,107.8,OBS,126.7,144.7,125.3,140.9
2026-03-16,2626,20,27,27,20,17,20,20,13,10,153,12,12,7,6,7,7,5,4,8,0.4,2,69,111.2,110.0,OBS,126.3,144.1,125.1,140.3
2026-03-17,2626,21,17,10,10,7,7,3,7,7,67,6,4,4,3,3,2,3,3,4,0.1,0,63,111.1,110.1,OBS,126.2,143.4,125.0,139.7
2026-03-18,2626,22,3,10,10,13,7,7,7,17,73,2,4,4,5,3,3,3,6,4,0.1,0,61,112.9,111.8,OBS,125.8,142.6,124.7,138.9
2026-03-19,2626,23,0,3,3,3,10,7,0,0,27,0,2,2,2,4,3,0,0,2,0.0,0,34,106.0,105.1,OBS,125.6,141.6,124.6,138.0
2026-03-20,2626,24,13,27,33,37,30,33,53,63,290,5,12,18,22,15,18,56,94,30,1.3,6,29,102.1,101.2,OBS,125.3,140.5,124.3,136.9
2026-03-21,2626,25,70,57,50,40,33,30,37,27,343,132,67,48,27,18,15,22,12,43,1.5,7,41,107.2,106.4,OBS,125.0,139.5,124.1,136.0
2026-03-22,2626,26,37,47,47,63,60,70,67,67,457,22,39,39,94,80,132,111,111,78,1.8,7,99,120.1,119.3,OBS,125.0,138.9,124.2,135.5
2026-03-23,2626,27,50,37,33,27,47,50,43,43,330,48,22,18,12,39,48,32,32,31,1.3,6,112,124.3,123.5,OBS,125.2,138.4,124.5,135.0
2026-03-24,2627,1,27,37,30,33,30,30,30,23,240,12,22,15,18,15,15,15,9,15,0.9,4,110,128.3,127.5,OBS,125.4,137.9,124.7,134.6
2026-03-25,2627,2,27,33,50,33,10,17,27,3,200,12,18,48,18,4,6,12,2,15,0.8,4,107,140.1,139.4,OBS,125.5,137.6,124.9,134.3
2026-03-26,2627,3,23,17,20,17,23,30,20,20,170,9,6,7,6,9,15,7,7,8,0.4,2,113,152.2,151.5,OBS,125.6,137.5,125.1,134.3
2026-03-27,2627,4,13,20,13,10,10,20,17,23,127,5,7,5,4,4,7,6,9,6,0.3,1,135,156.4,155.7,OBS,125.7,137.5,125.2,134.4
2026-03-28,2627,5,33,13,27,23,13,17,13,30,170,18,5,12,9,5,6,5,15,9,0.5,2,128,161.8,161.2,OBS,125.7,137.8,125.3,134.7
2026-03-29,2627,6,33,37,30,17,33,37,10,17,213,18,22,15,6,18,22,4,6,14,0.8,4,134,157.9,157.4,OBS,125.7,138.0,125.3,135.0
2026-03-30,2627,7,20,27,33,27,33,17,20,10,187,7,12,18,12,18,6,7,4,10,0.6,3,132,151.8,151.4,OBS,125.7,138.2,125.4,135.2
2026-03-31,2627,8,10,27,17,17,20,17,10,13,130,4,12,6,6,7,6,4,5,6,0.3,1,137,140.8,140.5,OBS,125.8,138.5,125.6,135.5
2026-04-01,2627,9,30,20,10,10,30,23,13,23,160,15,7,4,4,15,9,5,9,8,0.5,2,129,141.9,141.7,OBS,125.8,138.8,125.6,135.9
2026-04-02,2627,10,43,40,50,47,50,60,50,37,377,32,27,48,39,48,80,48,22,43,1.5,7,133,140.3,140.2,OBS,125.8,139.2,125.7,136.3
2026-04-03,2627,11,37,37,53,40,37,63,53,57,377,22,22,56,27,22,94,56,67,46,1.5,7,120,135.8,135.8,OBS,125.7,139.5,125.7,136.7
2026-04-04,2627,12,40,37,27,23,10,17,40,20,213,27,22,12,9,4,6,27,7,14,0.8,4,106,128.1,128.2,OBS,125.6,139.6,125.7,136.8
2026-04-05,2627,13,37,33,30,23,23,30,13,7,197,22,18,15,9,9,15,5,3,12,0.7,3,89,118.0,118.1,OBS,125.6,139.5,125.6,136.8
2026-04-06,2627,14,10,27,20,20,20,27,27,23,173,4,12,7,7,7,12,12,9,9,0.5,2,97,116.4,116.5,OBS,125.4,139.2,125.6,136.6
2026-04-07,2627,15,30,20,13,3,17,23,13,27,147,15,7,5,2,6,9,5,12,8,0.4,2,89,108.9,109.1,OBS,125.2,138.8,125.4,136.1
2026-04-08,2627,16,20,13,10,17,20,17,23,13,133,7,5,4,6,7,6,9,5,6,0.3,1,70,108.4,108.7,OBS,124.9,138.1,125.1,135.6
2026-04-09,2627,17,10,10,17,7,23,20,17,20,123,4,4,6,3,9,7,6,7,6,0.3,1,59,96.7,97.0,OBS,124.5,136.5,124.8,134.0
2026-04-10,2627,18,37,27,23,13,43,40,37,13,233,22,12,9,5,32,27,22,5,17,0.9,4,28,93.7,94.1,OBS,124.1,135.5,124.5,133.1
2026-04-11,2627,19,20,37,37,33,23,17,17,10,193,7,22,22,18,9,6,6,4,12,0.7,3,39,93.3,93.7,OBS,123.8,134.4,124.2,132.1
2026-04-12,2627,20,20,20,20,20,27,13,17,17,153,7,7,7,7,12,5,6,6,7,0.4,2,38,98.8,99.3,OBS,123.5,133.3,124.0,131.1
2026-04-13,2627,21,3,10,7,7,3,10,7,7,53,2,4,3,3,2,4,3,3,3,0.1,0,53,98.7,99.2,OBS,123.4,132.1,124.0,130.0
2026-04-14,2627,22,10,0,3,10,13,13,3,0,53,4,0,2,4,5,5,2,0,3,0.0,0,53,100.9,101.5,OBS,123.3,131.2,124.0,129.1
2026-04-15,2627,23,7,10,10,3,10,20,10,13,83,3,4,4,2,4,7,4,5,4,0.1,0,49,104.8,105.5,OBS,123.2,130.3,124.0,128.3
2026-04-16,2627,24,0,10,7,3,3,3,10,3,40,0,4,3,2,2,2,4,2,2,0.0,0,50,108.0,108.8,OBS,123.2,129.6,124.0,127.7
2026-04-17,2627,25,0,0,0,3,3,3,20,27,57,0,0,0,2,2,2,7,12,3,0.1,0,48,107.1,108.0,OBS,123.3,129.1,124.2,127.2
2026-04-18,2627,26,33,50,53,50,37,33,33,47,337,18,48,56,48,22,18,18,39,33,1.3,6,41,105.1,106.0,OBS,123.4,128.6,124.4,126.8
2026-04-19,2627,27,33,43,53,33,27,30,23,13,257,18,32,56,18,12,15,9,5,21,1.1,5,36,104.5,105.4,OBS,123.6,128.2,124.7,126.5
2026-04-20,2628,1,3,20,37,33,33,50,50,37,263,2,7,22,18,18,48,48,22,23,1.1,5,37,105.1,106.1,OBS,123.8,127.9,124.9,126.3
2026-04-21,2628,2,47,40,20,17,37,43,33,20,257,39,27,7,6,22,32,18,7,20,1.0,5,50,112.3,113.5,OBS,124.0,127.8,125.1,126.2
2026-04-22,2628,3,7,10,3,17,17,10,13,13,90,3,4,2,6,6,4,5,5,4,0.2,1,71,116.2,117.5,OBS,124.1,127.5,125.3,125.9
2026-04-23,2628,4,17,27,20,13,13,13,10,13,127,6,12,7,5,5,5,4,5,6,0.3,1,68,127.9,129.3,OBS,124.4,127.0,125.7,125.6
2026-04-24,2628,5,23,10,17,10,13,17,33,30,153,9,4,6,4,5,6,18,15,8,0.5,2,94,146.3,148.0,OBS,124.9,126.7,126.2,125.3
2026-04-25,2628,6,33,10,7,7,10,17,33,30,147,18,4,3,3,4,6,18,15,9,0.5,2,114,148.4,150.2,OBS,125.3,126.3,126.8,125.1
2026-04-26,2628,7,23,33,23,30,10,13,27,33,193,9,18,9,15,4,5,12,18,11,0.6,3,115,156.3,158.3,OBS,125.7,126.2,127.2,125.0
2026-04-27,2628,8,30,20,7,13,10,17,10,7,113,15,7,3,5,4,6,4,3,6,0.3,1,117,142.4,144.3,OBS,126.0,125.8,127.6,124.7
2026-04-28,2628,9,0,7,0,3,7,7,13,0,37,0,3,0,2,3,3,5,0,2,0.0,0,128,149.4,151.4,OBS,126.3,125.6,127.9,124.6
2026-04-29,2628,10,0,0,3,7,13,3,17,13,57,0,0,2,3,5,2,6,5,3,0.1,0,123,143.1,145.1,OBS,126.6,125.3,128.3,124.3
2026-04-30,2628,11,20,13,7,17,23,27,40,47,193,7,5,3,6,9,12,27,39,14,0.8,4,135,143.3,145.4,OBS,126.9,125.0,128.7,124.1
2026-05-01,2628,12,37,43,27,13,3,20,33,13,190,22,32,12,5,2,7,18,5,13,0.7,3,157,144.8,147.0,OBS,127.2,125.0,129.0,124.2
2026-05-02,2628,13,23,13,7,17,13,17,17,27,133,9,5,3,6,5,6,6,12,6,0.3,1,139,158.7,161.2,OBS,127.2,125.2,129.1,124.5
2026-05-03,2628,14,30,23,20,10,17,27,10,7,143,15,9,7,4,6,12,4,3,8,0.4,2,124,143.3,145.6,OBS,127.3,125.4,129.2,124.7
2026-05-04,2628,15,17,20,17,27,27,43,60,40,250,6,7,6,12,12,32,80,27,23,1.1,5,124,138.0,140.3,OBS,127.2,125.5,129.2,124.9
2026-05-05,2628,16,47,37,17,10,7,10,13,7,147,39,22,6,4,3,4,5,3,11,0.6,3,132,127.5,129.7,OBS,127.1,125.6,129.1,125.1
2026-05-06,2628,17,3,0,3,3,3,7,7,7,33,2,0,2,2,2,3,3,3,2,0.0,0,104,120.0,122.2,OBS,126.6,125.7,128.7,125.2
2026-05-07,2628,18,3,3,3,3,7,33,37,20,110,2,2,2,2,3,18,22,7,7,0.4,2,70,116.5,118.7,OBS,126.1,125.7,128.2,125.3
2026-05-08,2628,19,27,10,20,33,33,33,23,27,207,12,4,7,18,18,18,9,12,12,0.7,3,75,119.5,121.8,OBS,125.4,125.7,127.6,125.3
2026-05-09,2628,20,20,13,7,13,7,13,7,7,87,7,5,3,5,3,5,3,3,4,0.1,0,90,122.6,125.0,INT,124.9,125.7,127.1,125.4
2026-05-10,2628,21,0,7,7,7,10,13,20,7,70,0,3,3,3,4,5,7,3,4,0.1,0,87,125.7,128.2,OBS,124.4,125.8,126.7,125.6
2026-05-11,2628,22,20,13,7,7,17,13,13,3,93,7,5,3,3,6,5,5,2,4,0.2,1,79,116.0,118.3,OBS,124.0,125.8,126.4,125.6
2026-05-12,2628,23,3,7,7,3,10,10,10,7,57,2,3,3,2,4,4,4,3,3,0.1,0,58,111.2,113.5,OBS,123.8,125.8,126.2,125.7
2026-05-13,2628,24,3,13,10,13,30,30,30,30,160,2,5,4,5,15,15,15,15,10,0.5,2,63,103.2,105.4,OBS,123.6,125.7,126.1,125.7
2026-05-14,2628,25,27,17,13,7,7,10,7,7,93,12,6,5,3,3,4,3,3,5,0.2,1,50,106.4,108.7,OBS,123.5,125.6,126.0,125.7
2026-05-15,2628,26,20,17,27,37,50,53,43,60,307,7,6,12,22,48,56,32,80,33,1.3,6,47,101.0,103.3,OBS,123.7,125.6,126.2,125.6
2026-05-16,2628,27,57,47,43,40,27,47,37,33,330,67,39,32,27,12,39,22,18,32,1.3,6,57,109.0,111.5,OBS,124.1,125.4,126.7,125.6
2026-05-17,2629,1,17,20,17,23,23,17,20,17,153,6,7,6,9,9,6,7,6,7,0.4,2,84,103.7,106.0,OBS,124.7,125.2,127.4,125.4
2026-05-18,2629,2,23,17,20,17,27,23,20,27,173,9,6,7,6,12,9,7,12,8,0.5,2,80,105.3,107.7,OBS,125.7,124.9,128.4,125.1
2026-05-19,2629,3,17,27,33,33,40,37,27,27,240,6,12,18,18,27,22,12,12,16,0.9,4,73,105.7,108.1,OBS,126.6,124.5,129.5,124.8
2026-05-20,2629,4,30,27,13,7,13,10,13,20,133,15,12,5,3,5,4,5,7,7,0.4,2,66,114.0,116.7,OBS,127.8,124.1,130.8,124.5
2026-05-21,2629,5,27,20,10,13,20,10,20,13,133,12,7,4,5,7,4,7,5,6,0.3,1,86,117.9,120.8,OBS,129.2,123.8,132.2,124.2
2026-05-22,2629,6,10,10,13,13,3,10,7,23,90,4,4,5,5,2,4,3,9,4,0.2,1,107,124.4,127.5,OBS,131.1,123.5,134.2,124.0
2026-05-23,2629,7,3,3,10,3,3,0,0,0,23,2,2,4,2,2,0,0,0,2,0.0,0,118,137.1,140.6,OBS,132.4,123.4,135.6,124.0
2026-05-24,2629,8,3,7,7,10,17,13,23,17,97,2,3,3,4,6,5,9,6,5,0.2,1,111,132.8,136.2,OBS,133.5,123.3,136.7,124.0
2026-05-25,2629,9,27,17,10,17,17,20,23,27,157,12,6,4,6,6,7,9,12,8,0.4,2,110,139.0,142.6,OBS,134.2,123.2,137.5,124.0
2026-05-26,2629,10,20,3,10,10,7,10,27,37,123,7,2,4,4,3,4,12,22,7,0.4,2,146,140.8,144.5,OBS,134.6,123.2,138.0,124.0
2026-05-27,2629,11,20,20,23,13,17,27,27,30,177,7,7,9,5,6,12,12,15,9,0.5,2,174,141.7,145.5,OBS,134.9,123.3,138.2,124.2
2026-05-28,2629,12,17,20,23,23,23,33,30,37,207,6,7,9,9,9,18,15,22,12,0.7,3,154,144.9,148.8,OBS,134.9,123.4,138.3,124.4
2026-05-29,2629,13,27,23,20,17,30,33,40,33,223,12,9,7,6,15,18,27,18,14,0.8,4,138,148.1,152.1,OBS,135.0,123.6,138.5,124.7
2026-05-30,2629,14,30,27,10,13,20,23,40,37,200,15,12,4,5,7,9,27,22,13,0.7,3,129,141.6,145.5,OBS,135.1,123.8,138.6,124.9
2026-05-31,2629,15,33,23,20,13,27,20,17,23,177,18,9,7,5,12,7,6,9,9,0.5,2,113,135.6,139.3,OBS,135.1,124.0,138.6,125.1
2026-06-01,2629,16,17,7,13,13,23,33,30,13,150,6,3,5,5,9,18,15,5,8,0.4,2,100,131.9,135.6,OBS,135.1,124.1,138.7,125.3
2026-06-02,2629,17,20,13,10,10,13,13,30,20,130,7,5,4,4,5,5,15,7,6,0.3,1,109,146.1,150.3,OBS,135.0,124.4,138.6,125.7
2026-06-03,2629,18,27,23,13,17,17,20,27,30,173,12,9,5,6,6,7,12,15,9,0.5,2,127,146.8,151.0,OBS,134.7,124.9,138.3,126.2
2026-06-04,2629,19,27,23,7,7,17,10,3,10,103,12,9,3,3,6,4,2,4,5,0.2,1,127,147.9,152.2,OBS,134.1,125.3,137.7,126.8
2026-06-05,2629,20,10,30,17,23,53,60,47,50,290,4,15,6,9,56,80,39,48,32,1.3,6,127,140.5,144.6,OBS,133.5,125.7,137.2,127.2
2026-06-06,2629,21,47,40,40,30,40,30,17,23,267,39,27,27,15,27,15,6,9,21,1.1,5,131,137.9,141.9,OBS,132.8,126.0,136.5,127.6
2026-06-07,2629,22,27,13,17,23,17,23,7,13,140,12,5,6,9,6,9,3,5,7,0.3,1,133,134.2,138.2,OBS,132.4,126.3,136.1,127.9
2026-06-08,2629,23,13,23,23,23,23,17,13,17,153,5,9,9,9,9,6,5,6,7,0.4,2,132,130.7,134.7,OBS,131.9,126.6,135.6,128.3
2026-06-09,2629,24,17,23,13,20,27,33,37,30,200,6,9,5,7,12,18,22,15,12,0.7,3,116,129.5,133.5,OBS,131.6,126.9,135.3,128.7
2026-06-10,2629,25,13,10,10,23,23,17,17,13,127,5,4,4,9,9,6,6,5,6,0.3,1,96,124.0,127.8,OBS,131.5,127.2,135.3,129.0
2026-06-11,2629,26,7,20,30,30,23,23,47,40,220,3,7,15,15,9,9,39,27,16,0.9,4,83,127.4,131.4,OBS,131.6,127.2,135.4,129.1
2026-06-12,2629,27,27,33,33,27,30,20,20,23,213,12,18,18,12,15,7,7,9,12,0.7,3,69,128.3,132.3,OBS,131.5,127.3,135.3,129.2
2026-06-13,2630,1,27,30,20,30,27,20,37,23,213,12,15,7,15,12,7,22,9,12,0.7,3,48,121.5,125.3,OBS,131.5,127.2,135.4,129.2
2026-06-14,2630,2,17,13,13,20,13,20,17,10,123,6,5,5,7,5,7,6,4,6,0.3,1,59,127.6,131.6,OBS,131.7,127.1,135.5,129.1
2026-06-15,2630,3,13,13,10,7,7,7,13,20,90,5,5,4,3,3,3,5,7,4,0.2,1,66,117.0,120.7,OBS,131.9,126.6,135.8,128.7
2026-06-16,2630,4,17,10,7,10,23,27,23,7,123,6,4,3,4,9,12,9,3,6,0.3,1,70,112.8,116.4,OBS,132.2,126.1,136.2,128.2
2026-06-17,2630,5,10,13,20,23,23,13,3,7,113,4,5,7,9,9,5,2,3,6,0.2,1,53,110.5,114.1,OBS,132.6,125.4,136.6,127.6
2026-06-18,2630,6,20,10,7,10,13,17,17,27,120,7,4,3,4,5,6,6,12,6,0.3,1,51,110.7,114.3,OBS,132.9,124.9,136.9,127.1
2026-06-19,2630,7,27,20,13,17,13,3,10,17,120,12,7,5,6,5,2,4,6,6,0.3,1,61,110.8,114.3,OBS,133.1,124.4,137.2,126.7
2026-06-20,2630,8,23,17,17,13,20,13,17,13,133,9,6,6,5,7,5,6,5,6,0.3,1,88,112.5,116.2,OBS,133.5,124.0,137.5,126.4
2026-06-21,2630,9,10,13,10,7,10,13,13,7,83,4,5,4,3,4,5,5,3,4,0.1,0,65,128.0,132.2,OBS,133.9,123.8,137.9,126.2
2026-06-22,2630,10,7,7,3,13,13,10,20,20,93,3,3,2,5,5,4,7,7,4,0.2,1,70,121.5,125.5,OBS,134.2,123.6,138.3,126.1
2026-06-23,2630,11,10,3,3,13,27,27,23,7,113,4,2,2,5,12,12,9,3,6,0.3,1,76,130.4,134.7,OBS,134.5,123.5,138.6,126.0
2026-06-24,2630,12,20,17,27,30,23,33,33,33,217,7,6,12,15,9,18,18,18,13,0.7,3,90,137.4,141.9,OBS,134.7,123.7,138.9,126.2
2026-06-25,2630,13,43,50,37,23,37,33,37,30,290,32,48,22,9,22,18,22,15,24,1.1,5,87,155.9,161.1,OBS,135.0,124.1,139.1,126.7
2026-06-26,2630,14,30,23,23,10,27,30,30,27,200,15,9,9,4,12,15,15,12,11,0.7,3,104,162.7,168.1,OBS,134.9,124.7,139.1,127.4
2026-06-27,2630,15,27,17,13,10,10,13,17,17,123,12,6,5,4,4,5,6,6,6,0.3,1,112,187.9,194.1,OBS,134.9,125.7,139.1,128.4
2026-06-28,2630,16,17,17,7,10,7,3,7,10,77,6,6,3,4,3,2,3,4,4,0.1,0,130,186.1,192.3,OBS,134.8,126.6,138.9,129.5
2026-06-29,2630,17,10,7,3,3,7,7,3,3,43,4,3,2,2,3,3,2,2,3,0.0,0,125,195.4,201.9,OBS,134.6,127.8,138.8,130.8
2026-06-30,2630,18,3,3,7,40,33,47,47,33,213,2,2,3,27,18,39,39,18,18,1.0,5,126,202.6,209.3,OBS,134.4,129.2,138.5,132.2
2026-07-01,2630,19,43,33,13,17,33,27,27,17,210,32,18,5,6,18,12,12,6,14,0.8,4,132,249.7,258.1,OBS,134.1,131.1,138.3,134.2
2026-07-02,2630,20,13,7,7,7,10,7,3,3,57,5,3,3,3,4,3,2,2,3,0.1,0,107,202.9,209.7,OBS,133.8,132.4,137.9,135.6
2026-07-03,2630,21,3,3,7,3,23,23,33,33,130,2,2,3,2,9,9,18,18,8,0.4,2,102,186.7,192.9,OBS,133.3,133.5,137.4,136.7
2026-07-04,2630,22,53,70,63,47,67,57,53,43,453,56,132,94,39,111,67,56,32,73,1.8,7,89,160.6,166.0,OBS,133.0,134.2,137.1,137.5
2026-07-05,2630,23,30,27,27,40,30,37,23,27,240,15,12,12,27,15,22,9,12,16,0.9,4,89,138.7,143.4,OBS,132.7,134.6,136.8,138.0
2026-07-06,2630,24,23,13,7,10,13,17,20,10,113,9,5,3,4,5,6,7,4,5,0.2,1,65,125.3,129.5,OBS,132.4,134.9,136.5,138.2
2026-07-07,2630,25,0,10,3,3,3,7,13,17,57,0,4,2,2,2,3,5,6,3,0.1,0,58,110.4,114.1,OBS,132.2,134.9,136.3,138.3
2026-07-08,2630,26,23,33,33,27,20,27,33,23,220,9,18,18,12,7,12,18,9,13,0.7,3,75,115.9,119.8,OBS,132.0,135.0,136.1,138.5
2026-07-09,2630,27,23,7,20,40,23,37,33,37,220,9,3,7,27,9,22,18,22,15,0.8,4,72,109.7,113.4,OBS,131.7,135.1,135.8,138.6
2026-07-10,2631,1,17,27,37,30,23,13,23,27,197,6,12,22,15,9,5,9,12,11,0.6,3,71,107.1,110.7,OBS,131.5,135.1,135.6,138.6
2026-07-11,2631,2,23,17,17,10,17,13,23,10,130,9,6,6,4,6,5,9,4,6,0.3,1,71,111.5,115.3,OBS,131.4,135.1,135.4,138.7
2026-07-12,2631,3,33,23,30,33,43,33,27,23,247,18,9,15,18,32,18,12,9,16,0.9,4,61,107.3,110.8,OBS,131.3,135.0,135.3,138.6
2026-07-13,2631,4,13,13,10,7,17,27,23,33,143,5,5,4,3,6,12,9,18,8,0.4,2,39,103.0,106.4,OBS,131.0,134.7,135.1,138.3
2026-07-14,2631,5,20,17,13,20,7,13,23,27,140,7,6,5,7,3,5,9,12,7,0.3,1,34,99.8,103.1,OBS,130.8,134.1,134.8,137.7
2026-07-15,2631,6,27,33,33,27,27,23,10,10,190,12,18,18,12,12,9,4,4,11,0.6,3,26,99.7,103.0,OBS,130.7,133.5,134.7,137.2
2026-07-16,2631,7,23,33,17,10,23,3,10,13,133,9,18,6,4,9,2,4,5,7,0.4,2,47,101.3,104.6,OBS,130.6,132.8,134.6,136.5
2026-07-17,2631,8,3,7,7,10,17,13,13,3,73,2,3,3,4,6,5,5,2,4,0.1,0,34,104.8,108.2,OBS,130.5,132.4,134.5,136.1
2026-07-18,2631,9,17,10,3,3,10,10,13,0,67,6,4,2,2,4,4,5,0,3,0.1,0,25,110.4,114.0,OBS,130.4,131.9,134.3,135.6
2026-07-19,2631,10,3,3,7,7,7,3,10,3,43,2,2,3,3,3,2,4,2,3,0.0,0,45,119.3,123.2,OBS,130.2,131.6,134.1,135.3
2026-07-20,2631,11,3,3,10,7,7,3,10,10,53,2,2,4,3,3,2,4,4,3,0.1,0,74,136.9,141.3,OBS,130.0,131.5,133.9,135.3
2026-07-21,2631,12,20,27,30,37,30,30,30,30,233,7,12,15,22,15,15,15,15,14,0.8,4,87,149.0,153.8,OBS,129.8,131.6,133.7,135.4
2026-07-22,2631,13,17,30,17,30,30,23,20,23,190,6,15,6,15,15,9,7,9,10,0.6,3,81,150.2,155.0,OBS,129.5,131.5,133.4,135.3
2026-07-23,2631,14,20,17,27,27,33,50,50,33,257,7,6,12,12,18,48,48,18,21,1.1,5,90,147.6,152.3,OBS,129.2,131.5,133.0,135.4
2026-07-24,2631,15,37,27,17,10,7,10,7,10,123,22,12,6,4,3,4,3,4,7,0.4,2,99,150.1,154.9,OBS,129.4,131.7,133.2,135.5
2026-07-25,2631,16,7,7,7,17,13,20,27,10,107,3,3,3,6,5,7,12,4,5,0.2,1,95,144.6,149.2,OBS,129.2,131.9,133.0,135.8
2026-07-26,2631,17,10,17,13,13,13,10,3,10,90,4,6,5,5,5,4,2,4,4,0.2,1,100,148.3,152.9,OBS,129.1,132.2,132.8,136.2
2026-07-27,2631,18,10,7,10,7,7,20,20,23,103,4,3,4,3,3,7,7,9,5,0.2,1,104,146.6,151.2,OBS,129.0,132.6,132.8,136.6
2026-07-28,2631,19,23,10,13,20,23,20,20,27,157,9,4,5,7,9,7,7,12,8,0.4,2,100,143.3,147.7,OBS,129.0,132.9,132.8,136.9
2026-07-29,2631,20,17,17,7,7,7,7,7,7,73,6,6,3,3,3,3,3,3,4,0.1,0,106,142.8,147.1,OBS,129.0,133.1,132.7,137.2
2026-07-30,2631,21,7,7,3,13,10,13,10,3,67,3,3,2,5,4,5,4,2,4,0.1,0,125,151.7,156.3,OBS,129.0,133.5,132.7,137.5
2026-07-31,2631,22,10,3,7,7,17,13,7,7,70,4,2,3,3,6,5,3,3,4,0.1,0,118,147.6,152.0,OBS,129.0,133.9,132.6,137.9
2026-08-01,2631,23,3,3,7,7,7,7,3,7,43,2,2,3,3,3,3,2,3,3,0.0,0,110,139.7,143.8,OBS,128.8,134.2,132.4,138.3
2026-08-02,2631,24,3,3,10,10,37,57,40,20,180,2,2,4,4,22,67,27,7,17,0.9,4,120,126.9,130.7,OBS,128.7,134.5,132.2,138.6
2026-08-03,2631,25,43,43,23,30,30,20,30,37,257,32,32,9,15,15,7,15,22,18,1.0,5,105,125.6,129.3,OBS,128.4,134.7,131.9,138.9
2026-08-04,2631,26,43,27,23,17,10,7,7,7,140,32,12,9,6,4,3,3,3,9,0.5,2,92,118.0,121.4,OBS,128.1,135.0,131.6,139.1
2026-08-05,2631,27,3,3,7,0,0,3,3,13,33,2,2,3,0,0,2,2,5,2,0.0,0,76,107.5,110.6,OBS,127.5,134.9,130.9,139.1
2026-08-06,2632,1,10,7,0,0,0,3,3,0,23,4,3,0,0,0,2,2,0,1,0.0,0,56,101.2,104.1,OBS,126.8,134.9,130.2,139.1
2026-08-07,2632,2,0,3,10,7,13,3,3,0,40,0,2,4,3,5,2,2,0,2,0.0,0,53,96.5,99.2,OBS,125.7,134.8,129.0,138.9
2026-08-08,2632,3,3,13,20,40,60,40,57,37,270,2,5,7,27,80,27,67,22,30,1.3,6,43,93.7,96.3,OBS,124.6,134.6,127.9,138.8
2026-08-09,2632,4,27,20,17,13,10,10,17,20,133,12,7,6,5,4,4,6,7,6,0.3,1,27,93.7,96.3,OBS,123.4,134.4,126.6,138.5
2026-08-10,2632,5,17,7,10,13,3,3,3,10,67,6,3,4,5,2,2,2,4,4,0.1,0,39,95.4,98.0,OBS,122.0,134.1,125.2,138.3
2026-08-11,2632,6,3,3,0,17,27,30,17,7,103,2,2,0,6,12,15,6,3,6,0.3,1,42,96.5,99.1,OBS,120.2,133.8,123.3,137.9
2026-08-12,2632,7,13,27,20,20,23,13,23,10,150,5,12,7,7,9,5,9,4,7,0.4,2,75,100.1,102.7,OBS,119.0,133.3,122.0,137.4
2026-08-13,2632,8,20,23,13,10,10,3,17,30,127,7,9,5,4,4,2,6,15,6,0.3,1,91,107.6,110.4,OBS,118.1,133.0,121.1,137.1
2026-08-14,2632,9,27,23,27,23,20,17,20,10,167,12,9,12,9,7,6,7,4,8,0.4,2,100,113.5,116.4,OBS,117.7,132.7,120.5,136.8
2026-08-15,2632,10,7,10,3,10,13,17,23,10,93,3,4,2,4,5,6,9,4,5,0.2,1,107,117.1,120.1,OBS,117.3,132.4,120.1,136.5
2026-08-16,2632,11,10,17,17,7,3,0,3,3,60,4,6,6,3,2,0,2,2,3,0.1,0,92,128.7,131.9,OBS,117.1,132.2,119.8,136.3
2026-08-17,2632,12,7,17,23,10,23,30,33,37,180,3,6,9,4,9,15,18,22,11,0.6,3,83,124.4,127.4,OBS,117.0,132.0,119.7,136.1
2026-08-18,2632,13,37,47,37,17,23,17,53,43,273,22,39,22,6,9,6,56,32,24,1.2,6,69,124.7,127.8,OBS,116.7,131.7,119.4,135.8
2026-08-19,2632,14,23,47,40,40,20,17,23,30,240,9,39,27,27,7,6,9,15,17,0.9,4,70,126.1,129.2,OBS,116.6,131.5,119.2,135.6
2026-08-20,2632,15,27,17,17,17,30,20,33,27,187,12,6,6,6,15,7,18,12,10,0.6,3,60,124.7,127.7,OBS,116.4,131.4,119.0,135.4
2026-08-21,2632,16,30,23,13,10,17,10,10,17,130,15,9,5,4,6,4,4,6,7,0.3,1,76,125.6,128.5,OBS,116.2,131.3,118.7,135.3
2026-08-22,2632,17,7,3,0,13,10,10,7,3,53,3,2,0,5,4,4,3,2,3,0.1,0,75,124.3,127.1,OBS,116.0,131.0,118.5,135.1
2026-08-23,2632,18,7,13,13,13,17,10,13,13,100,3,5,5,5,6,4,5,5,5,0.2,1,76,128.0,130.8,OBS,115.9,130.8,118.4,134.8
2026-08-24,2632,19,20,10,3,7,3,3,10,30,87,7,4,2,3,2,2,4,15,5,0.2,1,88,143.0,146.2,OBS,115.8,130.7,118.2,134.7
2026-08-25,2632,20,10,3,7,7,7,7,3,0,43,4,2,3,3,3,3,2,0,2,0.0,0,82,132.5,135.3,OBS,115.7,130.6,118.1,134.6
2026-08-26,2632,21,0,3,3,3,7,3,0,3,23,0,2,2,2,3,2,0,2,2,0.0,0,85,131.0,133.8,OBS,115.5,130.5,117.9,134.5
2026-08-27,2632,22,7,0,3,3,3,3,3,10,33,3,0,2,2,2,2,2,4,2,0.0,0,83,122.1,124.6,OBS,115.3,130.4,117.7,134.3
2026-08-28,2632,23,10,0,7,13,33,30,37,40,170,4,0,3,5,18,15,22,27,12,0.7,3,77,115.8,118.2,OBS,115.1,130.2,117.4,134.1
2026-08-29,2632,24,43,33,40,27,23,20,37,20,243,32,18,27,12,9,7,22,7,17,0.9,4,76,111.4,113.6,OBS,114.8,130.0,117.0,133.9
2026-08-30,2632,25,33,37,33,33,20,27,23,23,230,18,22,18,18,7,12,9,9,14,0.8,4,70,106.6,108.7,OBS,114.3,129.8,116.4,133.7
2026-08-31,2632,26,30,33,33,30,17,17,13,7,180,15,18,18,15,6,6,5,3,11,0.6,3,58,107.0,109.0,OBS,113.7,129.5,115.8,133.4
2026-09-01,2632,27,7,13,17,23,17,13,17,13,120,3,5,6,9,6,5,6,5,6,0.3,1,64,100.5,102.3,OBS,113.0,129.2,115.1,133.0
2026-09-02,2633,1,7,7,20,20,13,3,13,13,97,3,3,7,7,5,2,5,5,5,0.2,1,41,139.0,141.5,OBS,112.5,129.4,114.5,133.2
2026-09-03,2633,2,20,10,3,3,10,17,20,17,100,7,4,2,2,4,6,7,6,5,0.2,1,40,108.2,110.1,OBS,111.9,129.2,113.8,133.0
2026-09-04,2633,3,13,7,7,13,7,3,7,0,57,5,3,3,5,3,2,3,0,3,0.1,0,58,109.6,111.4,OBS,111.3,129.1,113.2,132.8
2026-09-05,2633,4,17,27,23,20,7,3,3,10,110,6,12,9,7,3,2,2,4,6,0.3,1,73,110.7,112.5,OBS,110.8,129.0,112.6,132.8
2026-09-06,2633,5,10,7,7,10,3,10,20,13,80,4,3,3,4,2,4,7,5,4,0.1,0,81,109.5,111.2,OBS,110.2,129.0,112.0,132.8
2026-09-07,2633,6,7,17,33,33,30,37,37,47,240,3,6,18,18,15,22,22,39,18,1.0,5,97,109.7,111.4,OBS,109.7,129.0,111.4,132.7
2026-09-08,2633,7,47,43,50,37,33,40,33,33,317,39,32,48,22,18,27,18,18,28,1.2,6,101,110.4,112.0,OBS,109.2,129.0,110.8,132.7
2026-09-09,2633,8,27,13,17,23,33,30,27,27,197,12,5,6,9,18,15,12,12,11,0.6,3,106,109.2,110.7,OBS,108.5,129.0,110.0,132.6
2026-09-10,2633,9,30,27,13,27,23,10,10,30,170,15,12,5,12,9,4,4,15,10,0.5,2,106,114.5,116.1,OBS,107.9,128.8,109.3,132.4
2026-09-11,2633,10,13,27,20,27,20,13,7,20,147,5,12,7,12,7,5,3,7,7,0.4,2,95,110.0,111.5,OBS,107.3,128.7,108.7,132.2
2026-09-12,2633,11,13,23,23,20,17,13,10,7,127,5,9,9,7,6,5,4,3,6,0.3,1,92,108.5,109.9,OBS,106.9,128.4,108.2,131.9
2026-09-13,2633,12,23,30,17,3,10,10,3,10,107,9,15,6,2,4,4,2,4,6,0.3,1,67,114.2,115.6,OBS,106.5,128.1,107.8,131.6
2026-09-14,2633,13,10,20,17,20,27,40,27,33,193,4,7,6,7,12,27,12,18,12,0.7,3,53,104.3,105.6,OBS,106.1,127.5,107.3,130.9
2026-09-15,2633,14,27,23,0,3,23,7,20,33,137,12,9,0,2,9,3,7,18,8,0.4,2,42,106.5,107.7,OBS,106.0,126.8,107.2,130.2
2026-09-16,2633,15,33,27,20,20,20,7,3,17,147,18,12,7,7,7,3,2,6,8,0.4,2,28,99.7,100.8,OBS,106.0,125.7,107.1,129.0
2026-09-17,2633,16,27,17,17,17,23,23,17,20,160,12,6,6,6,9,9,6,7,8,0.4,2,17,96.8,97.7,OBS,106.1,124.6,107.2,127.9
2026-09-18,2633,17,13,17,17,13,3,7,10,17,97,5,6,6,5,2,3,4,6,5,0.2,1,5,95.9,96.8,OBS,106.3,123.4,107.3,126.6
2026-09-19,2633,18,20,27,13,10,13,13,17,17,130,7,12,5,4,5,5,6,6,6,0.3,1,12,97.1,98.0,OBS,106.4,122.0,107.4,125.2
2026-09-20,2633,19,23,30,17,3,3,0,3,13,93,9,15,6,2,2,0,2,5,5,0.2,1,54,100.8,101.7,OBS,106.4,120.2,107.3,123.3
2026-09-21,2633,20,17,7,0,0,0,0,3,10,37,6,3,0,0,0,0,2,4,2,0.0,0,73,104.1,104.9,OBS,106.3,119.0,107.2,122.0
2026-09-22,2633,21,17,3,0,0,0,3,3,7,33,6,2,0,0,0,2,2,3,2,0.0,0,118,118.4,119.2,OBS,106.2,118.1,107.1,121.1
2026-09-23,2633,22,7,3,0,0,0,3,13,17,43,3,2,0,0,0,2,5,6,2,0.0,0,135,120.5,121.3,OBS,106.0,117.7,106.8,120.5
2026-09-24,2633,23,30,23,27,40,33,27,17,27,223,15,9,12,27,18,12,6,12,14,0.8,4,128,112.4,113.1,OBS,105.8,117.3,106.5,120.1
2026-09-25,2633,24,40,37,40,40,33,27,33,40,290,27,22,27,27,18,12,18,27,22,1.1,5,107,105.4,106.0,OBS,105.5,117.1,106.2,119.8
2026-09-26,2633,25,37,33,27,27,10,10,20,27,190,22,18,12,12,4,4,7,12,11,0.7,3,61,101.0,101.5,OBS,105.1,117.0,105.7,119.7
2026-09-27,2633,26,43,30,13,10,10,3,3,0,113,32,15,5,4,4,2,2,0,8,0.4,2,55,97.4,97.8,OBS,104.8,116.7,105.4,119.4
2026-09-28,2633,27,0,13,3,7,7,7,13,7,57,0,5,2,3,3,3,5,3,3,0.1,0,20,95.3,95.6,OBS,104.5,116.6,105.0,119.2
2026-09-29,2634,1,17,0,3,10,3,3,3,10,50,6,0,2,4,2,2,2,4,3,0.0,0,26,91.9,92.2,OBS,104.3,116.4,104.7,119.0
2026-09-30,2634,2,7,0,0,3,3,13,13,13,53,3,0,0,2,2,5,5,5,2,0.0,0,32,94.7,95.0,PRD,104.0,116.2,104.4,118.7
2026-10-01,2634,3,13,13,13,13,13,13,13,13,104,5,5,5,5,5,5,5,5,5,0.2,1,83,94.7,95.0,PRD,103.7,116.0,104.0,118.5
2026-10-02,2634,4,35,35,35,35,35,35,35,35,280,20,20,20,20,20,20,20,20,20,1.0,5,83,94.8,95.0,PRD,103.5,115.9,103.7,118.4
2026-10-03,2634,5,30,30,30,30,30,30,30,30,240,15,15,15,15,15,15,15,15,15,0.8,4,83,89.9,90.0,PRD,103.2,115.8,103.4,118.2
2026-10-04,2634,6,35,35,35,35,35,35,35,35,280,20,20,20,20,20,20,20,20,20,1.0,5,83,89.9,90.0,PRD,102.7,115.7,102.8,118.1
2026-10-05,2634,7,27,27,27,27,27,27,27,27,216,12,12,12,12,12,12,12,12,12,0.7,3,83,90.0,90.0,PRD,102.5,115.5,102.6,117.9
2026-10-06,2634,8,24,24,24,24,24,24,24,24,192,10,10,10,10,10,10,10,10,10,0.6,3,83,90.0,90.0,PRD,102.4,115.3,102.4,117.7
2026-10-07,2634,9,24,24,24,24,24,24,24,24,192,10,10,10,10,10,10,10,10,10,0.6,3,83,92.1,92.0,PRD,102.4,115.1,102.4,117.4
2026-10-08,2634,10,22,22,22,22,22,22,22,22,176,8,8,8,8,8,8,8,8,8,0.4,2,83,93.1,93.0,PRD,102.5,114.8,102.4,117.0
2026-10-09,2634,11,13,13,13,13,13,13,13,13,104,5,5,5,5,5,5,5,5,5,0.2,1,83,95.2,95.0,PRD,102.6,114.3,102.5,116.4
2026-10-10,2634,12,13,13,13,13,13,13,13,13,104,5,5,5,5,5,5,5,5,5,0.2,1,83,98.2,98.0,PRD,102.8,113.7,102.6,115.8
2026-10-11,2634,13,23,23,23,23,23,23,23,23,184,9,9,9,9,9,9,9,9,9,0.5,2,83,100.3,100.0,PRD,103.0,113.0,102.7,115.1
2026-10-12,2634,14,22,22,22,22,22,22,22,22,176,8,8,8,8,8,8,8,8,8,0.4,2,83,102.4,102.0,PRD,103.3,112.5,102.9,114.5
2026-10-13,2634,15,22,22,22,22,22,22,22,22,176,8,8,8,8,8,8,8,8,8,0.4,2,83,102.4,102.0,PRD,103.1,111.9,102.7,113.8
2026-10-14,2634,16,22,22,22,22,22,22,22,22,176,8,8,8,8,8,8,8,8,8,0.4,2,83,100.5,100.0,PRD,103.3,111.3,102.8,113.2
2026-10-15,2634,17,13,13,13,13,13,13,13,13,104,5,5,5,5,5,5,5,5,5,0.2,1,83,102.5,102.0,PRD,103.4,110.8,102.9,112.6
2026-10-16,2634,18,13,13,13,13,13,13,13,13,104,5,5,5,5,5,5,5,5,5,0.2,1,83,102.6,102.0,PRD,103.6,110.2,103.0,112.0
2026-10-17,2634,19,13,13,13,13,13,13,13,13,104,5,5,5,5,5,5,5,5,5,0.2,1,83,100.7,100.0,PRD,103.8,109.7,103.1,111.4
2026-10-18,2634,20,13,13,13,13,13,13,13,13,104,5,5,5,5,5,5,5,5,5,0.2,1,83,98.7,98.0,PRD,103.9,109.2,103.2,110.8
2026-10-19,2634,21,13,13,13,13,13,13,13,13,104,5,5,5,5,5,5,5,5,5,0.2,1,83,97.7,97.0,PRD,104.1,108.5,103.3,110.0
2026-10-20,2634,22,13,13,13,13,13,13,13,13,104,5,5,5,5,5,5,5,5,5,0.2,1,83,96.8,96.0,PRD,104.3,107.9,103.4,109.3
2026-10-21,2634,23,30,30,30,30,30,30,30,30,240,15,15,15,15,15,15,15,15,15,0.8,4,83,94.8,94.0,PRD,104.4,107.3,103.4,108.7
2026-10-22,2634,24,35,35,35,35,35,35,35,35,280,20,20,20,20,20,20,20,20,20,1.0,5,83,92.9,92.0,PRD,104.5,106.9,103.5,108.2
2026-10-23,2634,25,30,30,30,30,30,30,30,30,240,15,15,15,15,15,15,15,15,15,0.8,4,83,90.9,90.0,PRD,104.6,106.5,103.6,107.8
2026-10-24,2634,26,27,27,27,27,27,27,27,27,216,12,12,12,12,12,12,12,12,12,0.7,3,83,88.9,88.0,PRD,104.7,106.1,103.6,107.3
2026-10-25,2634,27,13,13,13,13,13,13,13,13,104,5,5,5,5,5,5,5,5,5,0.2,1,83,99.1,98.0,PRD,104.9,106.0,103.8,107.2
2026-10-26,2635,1,13,13,13,13,13,13,13,13,104,5,5,5,5,5,5,5,5,5,0.2,1,83,101.2,100.0,PRD,105.1,106.0,103.9,107.1
2026-10-27,2635,2,13,13,13,13,13,13,13,13,104,5,5,5,5,5,5,5,5,5,0.2,1,83,106.3,105.0,PRD,105.4,106.1,104.1,107.2
2026-10-28,2635,3,13,13,13,13,13,13,13,13,104,5,5,5,5,5,5,5,5,5,0.2,1,83,106.3,105.0,PRD,105.7,106.3,104.4,107.3
2026-10-29,2635,4,13,13,13,13,13,13,13,13,104,5,5,5,5,5,5,5,5,5,0.2,1,83,101.3,100.0,PRD,106.0,106.4,104.6,107.4
2026-10-30,2635,5,13,13,13,13,13,13,13,13,104,5,5,5,5,5,5,5,5,5,0.2,1,83,96.3,95.0,PRD,106.3,106.4,104.9,107.3
2026-10-31,2635,6,24,24,24,24,24,24,24,24,192,10,10,10,10,10,10,10,10,10,0.6,3,83,91.3,90.0,PRD,106.6,106.3,105.1,107.2
2026-11-01,2635,7,27,27,27,27,27,27,27,27,216,12,12,12,12,12,12,12,12,12,0.7,3,81,92.4,91.0,PRD,106.8,106.2,105.2,107.1
2026-11-02,2635,8,24,24,24,24,24,24,24,24,192,10,10,10,10,10,10,10,10,10,0.6,3,81,92.4,91.0,PRD,106.8,106.0,105.2,106.8
2026-11-03,2635,9,22,22,22,22,22,22,22,22,176,8,8,8,8,8,8,8,8,8,0.4,2,81,93.5,92.0,PRD,106.8,105.8,105.2,106.5
2026-11-04,2635,10,20,20,20,20,20,20,20,20,160,7,7,7,7,7,7,7,7,7,0.4,2,81,94.5,93.0,PRD,106.9,105.5,105.2,106.2
2026-11-05,2635,11,13,13,13,13,13,13,13,13,104,5,5,5,5,5,5,5,5,5,0.2,1,81,96.6,95.0,PRD,107.1,105.1,105.4,105.7
2026-11-06,2635,12,13,13,13,13,13,13,13,13,104,5,5,5,5,5,5,5,5,5,0.2,1,81,99.7,98.0,PRD,107.4,104.8,105.6,105.4
2026-11-07,2635,13,27,27,27,27,27,27,27,27,216,12,12,12,12,12,12,12,12,12,0.7,3,81,101.8,100.0,PRD,107.7,104.5,105.8,105.0
2026-11-08,2635,14,24,24,24,24,24,24,24,24,192,10,10,10,10,10,10,10,10,10,0.6,3,81,103.9,102.0,PRD,108.0,104.3,106.1,104.7
2026-11-09,2635,15,22,22,22,22,22,22,22,22,176,8,8,8,8,8,8,8,8,8,0.4,2,81,103.9,102.0,PRD,108.4,104.0,106.4,104.4
2026-11-10,2635,16,22,22,22,22,22,22,22,22,176,8,8,8,8,8,8,8,8,8,0.4,2,81,101.9,100.0,PRD,108.7,103.7,106.7,104.0
2026-11-11,2635,17,13,13,13,13,13,13,13,13,104,5,5,5,5,5,5,5,5,5,0.2,1,81,104.0,102.0,PRD,109.0,103.5,107.0,103.7
2026-11-12,2635,18,13,13,13,13,13,13,13,13,104,5,5,5,5,5,5,5,5,5,0.2,1,81,104.1,102.0,PRD,109.4,103.2,107.2,103.4
2026-11-13,2635,19,13,13,13,13,13,13,13,13,104,5,5,5,5,5,5,5,5,5,0.2,1,81,102.1,100.0,PRD,109.8,102.7,107.6,102.8
2026-12-01,2636,10,,,,,,,,,,,,,,,,,,,,,78,121.0,117.7,PRM,115.0,104.5,112.0,103.5
2027-01-01,2637,14,,,,,,,,,,,,,,,,,,,,,76,119.9,115.9,PRM,120.4,112.7,116.8,110.1
2027-02-01,2638,18,,,,,,,,,,,,,,,,,,,,,74,117.3,113.9,PRM,118.0,120.8,114.8,117.2
2027-03-01,2639,19,,,,,,,,,,,,,,,,,,,,,72,114.0,111.9,PRM,115.0,119.1,113.0,115.6
2027-04-01,2640,23,,,,,,,,,,,,,,,,,,,,,69,110.3,110.1,PRM,111.2,116.0,110.9,113.6
2027-05-01,2641,26,,,,,,,,,,,,,,,,,,,,,67,106.5,108.1,PRM,107.6,112.5,109.0,111.7
2027-06-01,2643,3,,,,,,,,,,,,,,,,,,,,,65,103.0,105.9,PRM,104.3,108.7,107.0,109.7
2027-07-01,2644,6,,,,,,,,,,,,,,,,,,,,,63,100.6,104.0,PRM,101.9,105.4,105.0,107.7
2027-08-01,2645,10,,,,,,,,,,,,,,,,,,,,,60,99.6,102.6,PRM,100.5,102.6,103.4,105.6
2027-09-01,2646,14,,,,,,,,,,,,,,,,,,,,,58,99.5,101.4,PRM,100.2,100.9,102.0,103.9
2027-10-01,2647,17,,,,,,,,,,,,,,,,,,,,,56,99.9,100.2,PRM,100.6,100.3,100.8,102.5
2027-11-01,2648,21,,,,,,,,,,,,,,,,,,,,,54,100.8,99.3,PRM,101.1,100.5,99.7,101.2
2027-12-01,2649,24,,,,,,,,,,,,,,,,,,,,,52,101.1,98.3,PRM,101.3,101.0,98.7,100.1
2028-01-01,2651,1,,,,,,,,,,,,,,,,,,,,,50,100.2,96.9,PRM,100.6,101.4,97.5,99.1
2028-02-01,2652,5,,,,,,,,,,,,,,,,,,,,,48,98.5,95.6,PRM,98.9,101.0,96.2,98.0
2028-03-01,2653,7,,,,,,,,,,,,,,,,,,,,,47,96.2,94.4,PRM,96.6,99.7,95.0,96.7
2028-04-01,2654,11,,,,,,,,,,,,,,,,,,,,,45,93.1,93.0,PRM,93.8,97.5,93.6,95.4
2028-05-01,2655,14,,,,,,,,,,,,,,,,,,,,,43,90.2,91.6,PRM,91.1,94.8,92.3,94.1
2028-06-01,2656,18,,,,,,,,,,,,,,,,,,,,,41,87.8,90.3,PRM,88.7,91.9,91.0,92.8
2028-07-01,2657,21,,,,,,,,,,,,,,,,,,,,,40,86.5,89.4,PRM,87.2,89.4,89.9,91.4
2028-08-01,2658,25,,,,,,,,,,,,,,,,,,,,,38,85.7,88.3,PRM,86.4,87.6,88.8,90.2
2028-09-01,2660,2,,,,,,,,,,,,,,,,,,,,,37,85.4,87.0,PRM,86.1,86.6,87.6,89.1
2028-10-01,2661,5,,,,,,,,,,,,,,,,,,,,,35,85.4,85.6,PRM,86.1,86.2,86.3,88.0
2028-11-01,2662,9,,,,,,,,,,,,,,,,,,,,,34,85.6,84.3,PRM,86.1,86.1,85.0,86.7
2028-12-01,2663,12,,,,,,,,,,,,,,,,,,,,,33,85.7,83.3,PRM,86.0,86.2,83.8,85.4
2029-01-01,2664,16,,,,,,,,,,,,,,,,,,,,,32,85.2,82.4,PRM,85.4,86.1,82.8,84.2
2029-02-01,2665,20,,,,,,,,,,,,,,,,,,,,,31,83.9,81.5,PRM,84.2,85.7,81.9,83.2
2029-03-01,2666,21,,,,,,,,,,,,,,,,,,,,,29,82.2,80.7,PRM,82.5,84.8,81.1,82.3
2029-04-01,2667,25,,,,,,,,,,,,,,,,,,,,,28,80.0,79.9,PRM,80.4,83.1,80.3,81.4
2029-05-01,2669,1,,,,,,,,,,,,,,,,,,,,,26,78.0,79.2,PRM,78.5,81.1,79.6,80.6
2029-06-01,2670,5,,,,,,,,,,,,,,,,,,,,,25,76.3,78.5,PRM,76.9,79.1,78.8,79.8
2029-07-01,2671,8,,,,,,,,,,,,,,,,,,,,,24,75.4,77.9,PRM,75.9,77.3,78.2,79.1
2029-08-01,2672,12,,,,,,,,,,,,,,,,,,,,,22,75.1,77.4,PRM,75.5,76.1,77.7,78.4
2029-09-01,2673,16,,,,,,,,,,,,,,,,,,,,,21,75.5,76.9,PRM,75.8,75.6,77.1,77.8
2029-10-01,2674,19,,,,,,,,,,,,,,,,,,,,,20,76.2,76.4,PRM,76.5,75.7,76.6,77.3
2029-11-01,2675,23,,,,,,,,,,,,,,,,,,,,,19,76.9,75.8,PRM,77.1,76.3,76.1,76.8
2029-12-01,2676,26,,,,,,,,,,,,,,,,,,,,,17,77.2,75.1,PRM,77.4,77.0,75.4,76.3
2030-01-01,2678,3,,,,,,,,,,,,,,,,,,,,,16,76.9,74.4,PRM,77.1,77.4,74.7,75.7
2030-02-01,2679,7,,,,,,,,,,,,,,,,,,,,,14,75.8,73.6,PRM,76.0,77.3,74.0,75.0
2030-03-01,2680,8,,,,,,,,,,,,,,,,,,,,,13,74.5,73.1,PRM,74.7,76.5,73.4,74.3
2030-04-01,2681,12,,,,,,,,,,,,,,,,,,,,,12,72.8,72.7,PRM,73.0,75.2,72.9,73.6
2030-05-01,2682,15,,,,,,,,,,,,,,,,,,,,,11,71.2,72.3,PRM,71.5,73.6,72.5,73.1
2030-06-01,2683,19,,,,,,,,,,,,,,,,,,,,,10,70.0,72.0,PRM,70.3,72.0,72.2,72.6
2030-07-01,2684,22,,,,,,,,,,,,,,,,,,,,,10,69.4,71.7,PRM,69.7,70.7,71.8,72.3
2030-08-01,2685,26,,,,,,,,,,,,,,,,,,,,,9,69.3,71.4,PRM,69.6,69.8,71.5,71.9
2030-09-01,2687,3,,,,,,,,,,,,,,,,,,,,,8,69.8,71.1,PRM,70.0,69.6,71.3,71.6
2030-10-01,2688,6,,,,,,,,,,,,,,,,,,,,,8,70.7,70.9,PRM,70.8,69.9,71.0,71.4
2030-11-01,2689,10,,,,,,,,,,,,,,,,,,,,,7,71.7,70.7,PRM,71.8,70.6,70.8,71.1
2030-12-01,2690,13,,,,,,,,,,,,,,,,,,,,,7,72.6,70.6,PRM,72.5,71.5,70.7,70.9
2031-01-01,2691,17,,,,,,,,,,,,,,,,,,,,,8,73.0,70.6,PRM,72.9,72.3,70.6,70.7
2031-02-01,2692,21,,,,,,,,,,,,,,,,,,,,,9,73.0,70.9,PRM,72.8,72.8,70.8,70.6
2031-03-01,2693,22,,,,,,,,,,,,,,,,,,,,,11,72.6,71.2,PRM,72.3,72.8,71.0,70.7
2031-04-01,2694,26,,,,,,,,,,,,,,,,,,,,,12,71.6,71.5,PRM,71.5,72.5,71.4,70.9
2031-05-01,2696,2,,,,,,,,,,,,,,,,,,,,,13,70.8,71.8,PRM,70.7,71.8,71.7,71.2
2031-06-01,2697,6,,,,,,,,,,,,,,,,,,,,,15,70.3,72.3,PRM,70.3,70.9,72.1,71.6
2031-07-01,2698,9,,,,,,,,,,,,,,,,,,,,,17,70.6,73.0,PRM,70.5,70.3,72.7,71.9
2031-08-01,2699,13,,,,,,,,,,,,,,,,,,,,,19,71.4,73.6,PRM,71.3,70.3,73.3,72.5
2031-09-01,2700,17,,,,,,,,,,,,,,,,,,,,,21,73.0,74.4,PRM,72.8,71.0,74.1,73.1
2031-10-01,2701,20,,,,,,,,,,,,,,,,,,,,,24,75.1,75.3,PRM,74.7,72.2,74.9,73.8
2031-11-01,2702,24,,,,,,,,,,,,,,,,,,,,,27,77.5,76.4,PRM,77.0,74.1,75.9,74.6
2031-12-01,2703,27,,,,,,,,,,,,,,,,,,,,,30,80.0,77.8,PRM,79.2,76.2,77.2,75.5
2032-01-01,2705,4,,,,,,,,,,,,,,,,,,,,,33,82.1,79.4,PRM,81.1,78.5,78.7,76.7
2032-02-01,2706,8,,,,,,,,,,,,,,,,,,,,,37,83.6,81.1,PRM,82.6,80.5,80.4,78.1
2032-03-01,2707,10,,,,,,,,,,,,,,,,,,,,,41,84.6,83.1,PRM,83.5,82.1,82.1,79.7
2032-04-01,2708,14,,,,,,,,,,,,,,,,,,,,,45,85.3,85.2,PRM,84.4,83.2,84.3,81.5
2032-05-01,2709,17,,,,,,,,,,,,,,,,,,,,,49,86.2,87.5,PRM,85.2,84.0,86.4,83.5
2032-06-01,2710,21,,,,,,,,,,,,,,,,,,,,,54,87.4,89.9,PRM,86.5,84.8,88.8,85.6
2032-07-01,2711,24,,,,,,,,,,,,,,,,,,,,,59,89.5,92.5,PRM,88.5,85.9,91.3,87.9
2032-08-01,2713,1,,,,,,,,,,,,,,,,,,,,,64,92.5,95.3,PRM,91.4,87.7,94.0,90.4
2032-09-01,2714,5,,,,,,,,,,,,,,,,,,,,,70,96.3,98.1,PRM,95.2,90.4,96.8,93.1
2032-10-01,2715,8,,,,,,,,,,,,,,,,,,,,,75,100.7,100.9,PRM,99.3,93.8,99.5,95.7
2032-11-01,2716,12,,,,,,,,,,,,,,,,,,,,,80,105.3,103.7,PRM,103.9,97.9,102.4,98.6
2032-12-01,2717,15,,,,,,,,,,,,,,,,,,,,,85,109.7,106.7,PRM,108.0,102.3,105.3,101.4
2033-01-01,2718,19,,,,,,,,,,,,,,,,,,,,,91,113.6,109.8,PRM,111.7,106.7,108.3,104.3
2033-02-01,2719,23,,,,,,,,,,,,,,,,,,,,,97,116.4,113.0,PRM,114.6,110.6,111.6,107.3
2033-03-01,2720,24,,,,,,,,,,,,,,,,,,,,,103,118.4,116.2,PRM,116.5,113.5,114.5,110.2
2033-04-01,2722,1,,,,,,,,,,,,,,,,,,,,,108,119.5,119.3,PRM,118.0,115.9,117.9,113.5
2033-05-01,2723,4,,,,,,,,,,,,,,,,,,,,,114,120.8,122.6,PRM,119.3,117.5,121.0,116.7
2033-06-01,2724,8,,,,,,,,,,,,,,,,,,,,,119,122.2,125.6,PRM,120.9,118.8,124.1,119.9
2033-07-01,2725,11,,,,,,,,,,,,,,,,,,,,,123,123.9,128.1,PRM,122.9,120.3,126.8,123.0
2033-08-01,2726,15,,,,,,,,,,,,,,,,,,,,,127,126.4,130.2,PRM,125.7,122.2,129.2,125.9
2033-09-01,2727,19,,,,,,,,,,,,,,,,,,,,,131,130.1,132.5,PRM,129.3,124.7,131.5,128.4
2033-10-01,2728,22,,,,,,,,,,,,,,,,,,,,,134,134.8,135.1,PRM,133.6,127.9,133.8,130.6
2033-11-01,2729,26,,,,,,,,,,,,,,,,,,,,,138,139.7,137.6,PRM,138.3,132.1,136.4,133.0
2033-12-01,2731,2,,,,,,,,,,,,,,,,,,,,,141,143.9,139.9,PRM,142.3,136.7,138.7,135.5
2034-01-01,2732,6,,,,,,,,,,,,,,,,,,,,,144,146.8,141.9,PRM,145.3,141.1,140.9,137.9
2034-02-01,2733,10,,,,,,,,,,,,,,,,,,,,,148,148.0,143.7,PRM,146.8,144.5,142.8,140.2
2034-03-01,2734,11,,,,,,,,,,,,,,,,,,,,,150,148.0,145.3,PRM,146.9,146.3,144.4,142.0
2034-04-01,2735,15,,,,,,,,,,,,,,,,,,,,,153,147.1,146.8,PRM,146.3,146.9,146.0,143.9
2034-05-01,2736,18,,,,,,,,,,,,,,,,,,,,,155,145.7,147.9,PRM,145.3,146.5,147.3,145.5
2034-06-01,2737,22,,,,,,,,,,,,,,,,,,,,,157,144.6,148.7,PRM,144.5,145.5,148.3,146.9
2034-07-01,2738,25,,,,,,,,,,,,,,,,,,,,,158,144.4,149.3,PRM,144.5,144.7,148.9,148.0
2034-08-01,2740,2,,,,,,,,,,,,,,,,,,,,,158,145.2,149.6,PRM,145.4,144.4,149.4,148.8
2034-09-01,2741,6,,,,,,,,,,,,,,,,,,,,,159,147.1,149.9,PRM,147.2,145.0,149.8,149.3
2034-10-01,2742,9,,,,,,,,,,,,,,,,,,,,,160,149.8,150.2,PRM,149.7,146.5,150.0,149.6
2034-11-01,2743,13,,,,,,,,,,,,,,,,,,,,,161,152.5,150.3,PRM,152.3,148.9,150.2,149.9
2034-12-01,2744,16,,,,,,,,,,,,,,,,,,,,,161,154.5,150.3,PRM,154.1,151.5,150.2,150.2
2035-01-01,2745,20,,,,,,,,,,,,,,,,,,,,,160,154.7,149.6,PRM,154.5,153.7,149.8,150.3
2035-02-01,2746,24,,,,,,,,,,,,,,,,,,,,,159,153.0,148.5,PRM,153.1,154.6,149.0,150.0
2035-03-01,2747,25,,,,,,,,,,,,,,,,,,,,,157,150.5,147.7,PRM,150.8,153.9,148.2,149.4
2035-04-01,2749,2,,,,,,,,,,,,,,,,,,,,,157,147.8,147.5,PRM,148.0,151.7,147.7,148.5
2035-05-01,2750,5,,,,,,,,,,,,,,,,,,,,,157,145.7,147.8,PRM,145.8,148.9,147.7,147.8
2035-06-01,2751,9,,,,,,,,,,,,,,,,,,,,,157,144.2,148.2,PRM,144.3,146.4,148.0,147.7
2035-07-01,2752,12,,,,,,,,,,,,,,,,,,,,,156,143.4,148.2,PRM,143.7,144.6,148.1,147.9
2035-08-01,2753,16,,,,,,,,,,,,,,,,,,,,,156,143.6,148.0,PRM,144.0,143.8,148.0,148.1
2035-09-01,2754,20,,,,,,,,,,,,,,,,,,,,,155,144.9,147.6,PRM,145.2,143.8,147.8,148.1
2035-10-01,2755,23,,,,,,,,,,,,,,,,,,,,,154,146.8,147.2,PRM,147.1,144.8,147.4,147.9
2035-11-01,2756,27,,,,,,,,,,,,,,,,,,,,,153,149.2,147.0,PRM,149.1,146.5,147.1,147.5
2035-12-01,2758,3,,,,,,,,,,,,,,,,,,,,,152,150.7,146.6,PRM,150.5,148.5,146.7,147.2
2036-01-01,2759,7,,,,,,,,,,,,,,,,,,,,,151,150.8,145.8,PRM,150.7,150.2,146.1,146.9
2036-02-01,2760,11,,,,,,,,,,,,,,,,,,,,,148,149.0,144.6,PRM,149.1,150.9,145.1,146.4
2036-03-01,2761,13,,,,,,,,,,,,,,,,,,,,,145,145.8,143.1,PRM,146.3,149.9,143.8,145.5
2036-04-01,2762,17,,,,,,,,,,,,,,,,,,,,,143,141.6,141.4,PRM,142.5,147.3,142.2,144.3
2036-05-01,2763,20,,,,,,,,,,,,,,,,,,,,,141,137.9,140.0,PRM,138.8,143.8,140.7,142.8
2036-06-01,2764,24,,,,,,,,,,,,,,,,,,,,,139,134.9,138.7,PRM,135.8,139.9,139.3,141.2
2036-07-01,2765,27,,,,,,,,,,,,,,,,,,,,,136,132.7,137.2,PRM,133.7,136.7,137.9,139.8
2036-08-01,2767,4,,,,,,,,,,,,,,,,,,,,,133,131.5,135.5,PRM,132.6,134.3,136.3,138.4
2036-09-01,2768,8,,,,,,,,,,,,,,,,,,,,,130,131.1,133.5,PRM,132.2,132.9,134.4,136.8
2036-10-01,2769,11,,,,,,,,,,,,,,,,,,,,,128,131.5,131.8,PRM,132.4,132.3,132.7,135.1
2036-11-01,2770,15,,,,,,,,,,,,,,,,,,,,,126,132.4,130.4,PRM,132.9,132.4,131.1,133.3
2036-12-01,2771,18,,,,,,,,,,,,,,,,,,,,,123,132.9,129.2,PRM,133.1,132.8,129.8,131.6
2037-01-01,2772,22,,,,,,,,,,,,,,,,,,,,,120,131.9,127.5,PRM,132.3,133.2,128.3,130.2
2037-02-01,2773,26,,,,,,,,,,,,,,,,,,,,,117,129.5,125.7,PRM,130.1,132.7,126.6,128.8
2037-03-01,2774,27,,,,,,,,,,,,,,,,,,,,,115,126.7,124.4,PRM,127.4,131.1,125.2,127.3
2037-04-01,2776,4,,,,,,,,,,,,,,,,,,,,,114,123.5,123.3,PRM,124.0,128.3,123.8,125.6
2037-05-01,2777,7,,,,,,,,,,,,,,,,,,,,,112,120.1,121.9,PRM,120.9,125.2,122.5,124.3
2037-06-01,2778,11,,,,,,,,,,,,,,,,,,,,,109,117.0,120.3,PRM,117.9,121.9,121.0,123.0
2037-07-01,2779,14,,,,,,,,,,,,,,,,,,,,,106,114.6,118.5,PRM,115.8,118.9,119.4,121.6
2037-08-01,2780,18,,,,,,,,,,,,,,,,,,,,,103,113.3,116.7,PRM,114.4,116.4,117.6,119.9
2037-09-01,2781,22,,,,,,,,,,,,,,,,,,,,,100,112.9,115.0,PRM,113.8,114.8,115.8,118.2
2037-10-01,2782,25,,,,,,,,,,,,,,,,,,,,,97,112.8,113.1,PRM,113.7,114.0,114.0,116.4
2037-11-01,2784,2,,,,,,,,,,,,,,,,,,,,,94,112.9,111.2,PRM,113.7,113.8,112.1,114.6
2037-12-01,2785,5,,,,,,,,,,,,,,,,,,,,,91,112.7,109.6,PRM,113.3,113.8,110.4,112.8
2038-01-01,2786,9,,,,,,,,,,,,,,,,,,,,,88,111.7,108.0,PRM,112.2,113.5,108.8,111.0
2038-02-01,2787,13,,,,,,,,,,,,,,,,,,,,,86,109.6,106.4,PRM,110.1,112.7,107.1,109.3
2038-03-01,2788,14,,,,,,,,,,,,,,,,,,,,,83,106.8,104.8,PRM,107.5,111.1,105.7,107.8
2038-04-01,2789,18,,,,,,,,,,,,,,,,,,,,,81,103.6,103.4,PRM,104.3,108.4,104.1,106.2
2038-05-01,2790,21,,,,,,,,,,,,,,,,,,,,,78,100.3,101.8,PRM,101.2,105.4,102.6,104.6
2038-06-01,2791,25,,,,,,,,,,,,,,,,,,,,,75,97.5,100.2,PRM,98.4,102.2,101.0,103.1
2038-07-01,2793,1,,,,,,,,,,,,,,,,,,,,,73,95.5,98.7,PRM,96.5,99.3,99.5,101.5
2038-08-01,2794,5,,,,,,,,,,,,,,,,,,,,,70,94.6,97.5,PRM,95.4,97.0,98.1,100.0
2038-09-01,2795,9,,,,,,,,,,,,,,,,,,,,,68,94.5,96.3,PRM,95.2,95.7,96.9,98.5
2038-10-01,2796,12,,,,,,,,,,,,,,,,,,,,,66,94.9,95.2,PRM,95.5,95.3,95.8,97.3
2038-11-01,2797,16,,,,,,,,,,,,,,,,,,,,,64,95.7,94.3,PRM,96.0,95.4,94.7,96.1
2038-12-01,2798,19,,,,,,,,,,,,,,,,,,,,,62,95.9,93.3,PRM,96.2,95.9,93.8,95.1
2039-01-01,2799,23,,,,,,,,,,,,,,,,,,,,,60,95.3,92.1,PRM,95.6,96.2,92.7,94.1
2039-02-01,2800,27,,,,,,,,,,,,,,,,,,,,,58,93.7,91.0,PRM,94.1,95.9,91.5,93.0
2039-03-01,2802,1,,,,,,,,,,,,,,,,,,,,,56,91.7,90.0,PRM,92.1,94.8,90.5,92.0
2039-04-01,2803,5,,,,,,,,,,,,,,,,,,,,,54,89.2,89.0,PRM,89.6,92.8,89.4,90.9
2039-05-01,2804,8,,,,,,,,,,,,,,,,,,,,,51,86.5,87.8,PRM,87.2,90.5,88.4,89.8
2039-06-01,2805,12,,,,,,,,,,,,,,,,,,,,,50,84.4,86.8,PRM,85.1,88.0,87.3,88.7
2039-07-01,2806,15,,,,,,,,,,,,,,,,,,,,,48,83.1,85.9,PRM,83.8,85.8,86.4,87.7
2039-08-01,2807,19,,,,,,,,,,,,,,,,,,,,,46,82.6,85.1,PRM,83.1,84.1,85.5,86.7
2039-09-01,2808,23,,,,,,,,,,,,,,,,,,,,,44,82.5,84.1,PRM,83.1,83.3,84.5,85.8
2039-10-01,2809,26,,,,,,,,,,,,,,,,,,,,,42,82.8,83.0,PRM,83.3,83.1,83.5,84.9
2039-11-01,2811,3,,,,,,,,,,,,,,,,,,,,,41,83.2,82.0,PRM,83.6,83.3,82.5,83.9
2039-12-01,2812,6,,,,,,,,,,,,,,,,,,,,,39,83.6,81.3,PRM,83.8,83.6,81.7,82.9
2040-01-01,2813,10,,,,,,,,,,,,,,,,,,,,,38,83.4,80.6,PRM,83.5,83.8,80.9,81.9
2040-02-01,2814,14,,,,,,,,,,,,,,,,,,,,,36,82.4,80.0,PRM,82.5,83.7,80.3,81.2
2040-03-01,2815,16,,,,,,,,,,,,,,,,,,,,,34,80.7,79.2,PRM,81.0,83.0,79.6,80.5
2040-04-01,2816,20,,,,,,,,,,,,,,,,,,,,,33,78.6,78.5,PRM,79.0,81.5,78.8,79.8
2040-05-01,2817,23,,,,,,,,,,,,,,,,,,,,,31,76.6,77.8,PRM,77.1,79.7,78.2,79.1
2040-06-01,2818,27,,,,,,,,,,,,,,,,,,,,,30,75.1,77.2,PRM,75.5,77.7,77.5,78.4
2040-07-01,2820,3,,,,,,,,,,,,,,,,,,,,,28,74.1,76.6,PRM,74.6,76.0,76.9,77.7
2040-08-01,2821,7,,,,,,,,,,,,,,,,,,,,,27,73.9,76.1,PRM,74.3,74.8,76.4,77.1
2040-09-01,2822,11,,,,,,,,,,,,,,,,,,,,,25,74.2,75.6,PRM,74.6,74.3,75.8,76.5
2040-10-01,2823,14,,,,,,,,,,,,,,,,,,,,,24,74.9,75.1,PRM,75.2,74.4,75.3,76.0
2040-11-01,2824,18,,,,,,,,,,,,,,,,,,,,,23,75.7,74.6,PRM,75.8,75.0,74.8,75.5
2040-12-01,2825,21,,,,,,,,,,,,,,,,,,,,,21,76.0,73.9,PRM,76.2,75.7,74.2,75.0
2041-01-01,2826,25,,,,,,,,,,,,,,,,,,,,,19,75.7,73.2,PRM,75.9,76.1,73.5,74.4
2041-02-01,2828,2,,,,,,,,,,,,,,,,,,,,,18,74.8,72.6,PRM,74.9,76.0,72.9,73.8
2041-03-01,2829,3,,,,,,,,,,,,,,,,,,,,,16,73.5,72.1,PRM,73.7,75.4,72.4,73.2
2041-04-01,2830,7,,,,,,,,,,,,,,,,,,,,,15,71.9,71.8,PRM,72.1,74.1,72.0,72.6
2041-05-01,2831,10,,,,,,,,,,,,,,,,,,,,,14,70.4,71.5,PRM,70.7,72.6,71.6,72.1
2041-06-01,2832,14,,,,,,,,,,,,,,,,,,,,,13,69.2,71.1,PRM,69.5,71.1,71.3,71.7
2041-07-01,2833,17,,,,,,,,,,,,,,,,,,,,,12,68.5,70.8,PRM,68.8,69.8,71.0,71.4
2041-08-01,2834,21,,,,,,,,,,,,,,,,,,,,,11,68.4,70.5,PRM,68.7,69.0,70.6,71.1
2041-09-01,2835,25,,,,,,,,,,,,,,,,,,,,,11,68.9,70.2,PRM,69.2,68.7,70.4,70.7
2041-10-01,2837,1,,,,,,,,,,,,,,,,,,,,,10,69.8,70.0,PRM,68.8,69.0,69.2,70.5
