DATE,MJD,X,Y,UT1-UTC,LOD,DPSI,DEPS,DX,DY,DAT,DATA_TYPE
2025-01-01,60676,0.144115,0.305105,0.0463221,-0.0002457,-0.112924,-0.006797,0.000308,-0.000344,37,O
2025-01-02,60677,0.142956,0.305005,0.0464717,-0.0000296,-0.112653,-0.006657,0.000300,-0.000316,37,O
2025-01-03,60678,0.142297,0.304958,0.0463402,0.0002763,-0.112461,-0.006587,0.000289,-0.000277,37,O
2025-01-04,60679,0.141384,0.305440,0.0459225,0.0005468,-0.112402,-0.006570,0.000277,-0.000236,37,O
2025-01-05,60680,0.140307,0.305309,0.0452676,0.0007499,-0.112476,-0.006549,0.000266,-0.000197,37,O
2025-01-06,60681,0.139653,0.305327,0.0444495,0.0008447,-0.112660,-0.006473,0.000258,-0.000169,37,O
2025-01-07,60682,0.138541,0.305600,0.0436306,0.0007701,-0.112916,-0.006338,0.000256,-0.000156,37,O
2025-01-08,60683,0.137063,0.305526,0.0429511,0.0005579,-0.113181,-0.006200,0.000262,-0.000166,37,O
2025-01-09,60684,0.135214,0.305451,0.0425459,0.0002372,-0.113353,-0.006176,0.000280,-0.000233,37,O
2025-01-10,60685,0.133146,0.305289,0.0424751,-0.0000742,-0.113363,-0.006268,0.000305,-0.000293,37,O
2025-01-11,60686,0.130862,0.305038,0.0426685,-0.0003055,-0.113151,-0.006430,0.000343,-0.000306,37,O
2025-01-12,60687,0.128915,0.304698,0.0430493,-0.0004551,-0.112760,-0.006478,0.000390,-0.000154,37,O
2025-01-13,60688,0.126879,0.304074,0.0435456,-0.0005042,-0.112285,-0.006622,0.000438,-0.000140,37,O
2025-01-14,60689,0.124521,0.303331,0.0440109,-0.0004211,-0.111816,-0.006649,0.000485,-0.000128,37,O
2025-01-15,60690,0.122758,0.302852,0.0443820,-0.0002915,-0.111415,-0.006622,0.000524,-0.000199,37,O
2025-01-16,60691,0.121665,0.302472,0.0445772,-0.0001137,-0.111110,-0.006543,0.000555,-0.000306,37,O
2025-01-17,60692,0.120736,0.302528,0.0446077,0.0000426,-0.110949,-0.006473,0.000577,-0.000402,37,O
2025-01-18,60693,0.119984,0.302327,0.0445088,0.0001383,-0.111008,-0.006096,0.000580,-0.000076,37,O
2025-01-19,60694,0.120074,0.302576,0.0443556,0.0001599,-0.111375,-0.006104,0.000522,-0.000018,37,O
2025-01-20,60695,0.120593,0.303147,0.0442056,0.0001288,-0.111652,-0.006213,0.000529,-0.000031,37,O
2025-01-21,60696,0.121070,0.303685,0.0441204,0.0000297,-0.111911,-0.006278,0.000532,-0.000051,37,O
2025-01-22,60697,0.120680,0.304148,0.0441669,-0.0001297,-0.112107,-0.006321,0.000526,-0.000077,37,O
2025-01-23,60698,0.119803,0.304361,0.0443887,-0.0003275,-0.112216,-0.006438,0.000515,-0.000105,37,O
2025-01-24,60699,0.118339,0.304736,0.0448350,-0.0005526,-0.112234,-0.006679,0.000501,-0.000130,37,O
2025-01-25,60700,0.116044,0.305112,0.0454814,-0.0007122,-0.112183,-0.006971,0.000483,-0.000146,37,O
2025-01-26,60701,0.113857,0.305655,0.0462143,-0.0007511,-0.112145,-0.007195,0.000464,-0.000153,37,O
2025-01-27,60702,0.111759,0.306109,0.0469473,-0.0006960,-0.112211,-0.007299,0.000445,-0.000155,37,O
2025-01-28,60703,0.109767,0.306427,0.0475603,-0.0005160,-0.112357,-0.007309,0.000426,-0.000151,37,O
2025-01-29,60704,0.107972,0.307028,0.0479445,-0.0002567,-0.112413,-0.007258,0.000412,-0.000145,37,O
2025-01-30,60705,0.106642,0.307634,0.0480782,0.0000161,-0.112282,-0.007134,0.000399,-0.000133,37,O
2025-01-31,60706,0.105513,0.308211,0.0479111,0.0003198,-0.112084,-0.006952,0.000386,-0.000115,37,O
2025-02-01,60707,0.103904,0.308808,0.0474599,0.0005560,-0.112099,-0.006779,0.000356,-0.000070,37,O
2025-02-02,60708,0.101830,0.308832,0.0468524,0.0006376,-0.112418,-0.006709,0.000322,-0.000014,37,O
2025-02-03,60709,0.099727,0.309188,0.0462405,0.0005847,-0.112895,-0.006744,0.000296,0.000038,37,O
2025-02-04,60710,0.097371,0.309496,0.0457248,0.0004170,-0.113295,-0.006809,0.000286,0.000075,37,O
2025-02-05,60711,0.095086,0.309802,0.0454436,0.0001345,-0.113393,-0.006876,0.000327,0.000065,37,O
2025-02-06,60712,0.092392,0.309921,0.0454707,-0.0001769,-0.113270,-0.006935,0.000386,0.000032,37,O
2025-02-07,60713,0.089781,0.310139,0.0457598,-0.0003860,-0.113014,-0.007025,0.000445,-0.000011,37,O
2025-02-08,60714,0.087070,0.310435,0.0461948,-0.0004696,-0.112720,-0.007180,0.000468,-0.000051,37,O
2025-02-09,60715,0.085234,0.310403,0.0466416,-0.0004091,-0.112343,-0.007397,0.000466,-0.000088,37,O
2025-02-10,60716,0.084510,0.310970,0.0469932,-0.0002764,-0.111912,-0.007616,0.000454,-0.000120,37,O
2025-02-11,60717,0.083792,0.311675,0.0471954,-0.0001313,-0.111559,-0.007732,0.000436,-0.000142,37,O
2025-02-12,60718,0.083231,0.312346,0.0472209,0.0000617,-0.111356,-0.007647,0.000425,-0.000134,37,O
2025-02-13,60719,0.082847,0.313040,0.0470706,0.0002410,-0.111277,-0.007419,0.000416,-0.000118,37,O
2025-02-14,60720,0.082655,0.314042,0.0467487,0.0003902,-0.111239,-0.007209,0.000406,-0.000111,37,O
2025-02-15,60721,0.082383,0.314896,0.0463143,0.0004432,-0.111256,-0.007216,0.000391,-0.000167,37,O
2025-02-16,60722,0.081703,0.315740,0.0459196,0.0003623,-0.111384,-0.007418,0.000377,-0.000254,37,O
2025-02-17,60723,0.081070,0.317054,0.0456163,0.0002430,-0.111611,-0.007660,0.000368,-0.000337,37,O
2025-02-18,60724,0.079831,0.318126,0.0454443,0.0000818,-0.111831,-0.007822,0.000367,-0.000396,37,O
2025-02-19,60725,0.078621,0.318836,0.0454607,-0.0001003,-0.111904,-0.007870,0.000392,-0.000356,37,O
2025-02-20,60726,0.077244,0.319563,0.0456342,-0.0002374,-0.111851,-0.007987,0.000427,-0.000278,37,O
2025-02-21,60727,0.075595,0.320479,0.0459125,-0.0003421,-0.111682,-0.008230,0.000460,-0.000196,37,O
2025-02-22,60728,0.074342,0.321387,0.0463145,-0.0004440,-0.111429,-0.008506,0.000472,-0.000162,37,O
2025-02-23,60729,0.072682,0.321846,0.0467799,-0.0004541,-0.111180,-0.008656,0.000469,-0.000163,37,O
2025-02-24,60730,0.071535,0.322222,0.0471800,-0.0003362,-0.111148,-0.008701,0.000458,-0.000187,37,O
2025-02-25,60731,0.070409,0.322978,0.0474161,-0.0001281,-0.111407,-0.008797,0.000441,-0.000230,37,O
2025-02-26,60732,0.069963,0.323391,0.0474081,0.0001508,-0.111678,-0.008994,0.000420,-0.000310,37,O
2025-02-27,60733,0.070353,0.324207,0.0471096,0.0004680,-0.111613,-0.009076,0.000399,-0.000395,37,O
2025-02-28,60734,0.070424,0.325002,0.0464841,0.0007581,-0.111284,-0.008877,0.000382,-0.000460,37,O
2025-03-01,60735,0.070328,0.326000,0.0456491,0.0008938,-0.111110,-0.008471,0.000382,-0.000426,37,O
2025-03-02,60736,0.069663,0.327447,0.0447529,0.0008855,-0.111372,-0.008181,0.000393,-0.000321,37,O
2025-03-03,60737,0.068958,0.328451,0.0439219,0.0007282,-0.111884,-0.008211,0.000416,-0.000234,37,O
2025-03-04,60738,0.068484,0.329703,0.0433464,0.0004083,-0.112296,-0.008389,0.000441,-0.000139,37,O
2025-03-05,60739,0.067851,0.331225,0.0431191,0.0000708,-0.112377,-0.008644,0.000481,-0.000129,37,O
2025-03-06,60740,0.066992,0.332761,0.0431635,-0.0001530,-0.112192,-0.008893,0.000520,-0.000153,37,O
2025-03-07,60741,0.066126,0.334104,0.0433827,-0.0002867,-0.111876,-0.009132,0.000546,-0.000183,37,O
2025-03-08,60742,0.065397,0.335500,0.0436977,-0.0003607,-0.111633,-0.009308,0.000508,-0.000176,37,O
2025-03-09,60743,0.064869,0.336843,0.0440434,-0.0002941,-0.111409,-0.009413,0.000438,-0.000148,37,O
2025-03-10,60744,0.064568,0.338419,0.0442633,-0.0001417,-0.111145,-0.009468,0.000372,-0.000119,37,O
2025-03-11,60745,0.064363,0.340326,0.0443209,0.0000332,-0.110884,-0.009464,0.000331,-0.000097,37,O
2025-03-12,60746,0.063667,0.342437,0.0441921,0.0002253,-0.110501,-0.009374,0.000401,-0.000114,37,O
2025-03-13,60747,0.063175,0.344428,0.0438780,0.0003984,-0.110156,-0.009156,0.000506,-0.000144,37,O
2025-03-14,60748,0.062329,0.346828,0.0434146,0.0005115,-0.109843,-0.008899,0.000605,-0.000172,37,O
2025-03-15,60749,0.061239,0.348464,0.0428855,0.0005329,-0.109766,-0.008763,0.000597,-0.000175,37,O
2025-03-16,60750,0.060506,0.350279,0.0423757,0.0004697,-0.109881,-0.008841,0.000528,-0.000159,37,O
2025-03-17,60751,0.060415,0.352130,0.0419727,0.0003391,-0.110118,-0.009042,0.000449,-0.000133,37,O
2025-03-18,60752,0.060455,0.353821,0.0417016,0.0002077,-0.110361,-0.009215,0.000389,-0.000100,37,O
2025-03-19,60753,0.060375,0.355445,0.0415535,0.0000757,-0.110289,-0.009334,0.000437,-0.000055,37,O
2025-03-20,60754,0.060118,0.357221,0.0415528,-0.0000628,-0.110044,-0.009525,0.000523,-0.000013,37,O
2025-03-21,60755,0.059370,0.358815,0.0416603,-0.0001572,-0.109716,-0.009838,0.000604,0.000015,37,O
2025-03-22,60756,0.058707,0.360006,0.0418560,-0.0002275,-0.109454,-0.010162,0.000601,-0.000014,37,O
2025-03-23,60757,0.057716,0.361708,0.0420942,-0.0002185,-0.109236,-0.010298,0.000546,-0.000076,37,O
2025-03-24,60758,0.057294,0.362843,0.0422469,-0.0000760,-0.109232,-0.010278,0.000476,-0.000147,37,O
2025-03-25,60759,0.057710,0.364028,0.0422111,0.0001493,-0.109587,-0.010354,0.000409,-0.000210,37,O
2025-03-26,60760,0.057884,0.365588,0.0419380,0.0004156,-0.109926,-0.010584,0.000393,-0.000230,37,O
2025-03-27,60761,0.057980,0.367345,0.0413737,0.0007177,-0.109877,-0.010702,0.000400,-0.000226,37,O
2025-03-28,60762,0.057956,0.369270,0.0405151,0.0009870,-0.109495,-0.010393,0.000414,-0.000210,37,O
2025-03-29,60763,0.057937,0.371038,0.0394413,0.0011164,-0.109343,-0.009771,0.000426,-0.000183,37,O
2025-03-30,60764,0.058219,0.372734,0.0383609,0.0010076,-0.109775,-0.009312,0.000434,-0.000149,37,O
2025-03-31,60765,0.058482,0.374503,0.0374941,0.0007219,-0.110524,-0.009308,0.000440,-0.000112,37,O
2025-04-01,60766,0.058288,0.376330,0.0369317,0.0003905,-0.111091,-0.009624,0.000441,-0.000078,37,O
2025-04-02,60767,0.058433,0.377583,0.0367119,0.0000609,-0.111266,-0.010016,0.000429,-0.000052,37,O
2025-04-03,60768,0.058950,0.378971,0.0367939,-0.0001913,-0.111083,-0.010409,0.000412,-0.000034,37,O
2025-04-04,60769,0.059739,0.380981,0.0370448,-0.0002736,-0.110674,-0.010793,0.000396,-0.000024,37,O
2025-04-05,60770,0.060908,0.382887,0.0372828,-0.0001803,-0.110195,-0.011065,0.000395,-0.000036,37,O
2025-04-06,60771,0.062253,0.384493,0.0373648,0.0000133,-0.109833,-0.011100,0.000402,-0.000060,37,O
2025-04-07,60772,0.063199,0.386333,0.0372529,0.0002081,-0.109636,-0.010942,0.000411,-0.000087,37,O
2025-04-08,60773,0.063746,0.387929,0.0369578,0.0003946,-0.109517,-0.010734,0.000417,-0.000111,37,O
2025-04-09,60774,0.064676,0.389005,0.0364610,0.0005724,-0.109437,-0.010524,0.000410,-0.000117,37,O
2025-04-10,60775,0.065789,0.390315,0.0358458,0.0006482,-0.109381,-0.010274,0.000397,-0.000113,37,O
2025-04-11,60776,0.066809,0.392017,0.0351952,0.0006538,-0.109338,-0.009996,0.000383,-0.000103,37,O
2025-04-12,60777,0.067405,0.393877,0.0345568,0.0006109,-0.109295,-0.009818,0.000366,-0.000068,37,O
2025-04-13,60778,0.067924,0.395348,0.0339930,0.0005040,-0.109260,-0.009902,0.000352,-0.000028,37,O
2025-04-14,60779,0.068650,0.396381,0.0335673,0.0003361,-0.109263,-0.010217,0.000346,-0.000004,37,O
2025-04-15,60780,0.069125,0.397433,0.0333342,0.0001344,-0.109286,-0.010572,0.000351,-0.000010,37,O
2025-04-16,60781,0.069790,0.398456,0.0332913,-0.0000567,-0.109236,-0.010873,0.000380,-0.000085,37,O
2025-04-17,60782,0.070404,0.399487,0.0334457,-0.0002300,-0.109109,-0.011136,0.000419,-0.000185,37,O
2025-04-18,60783,0.071235,0.400625,0.0337248,-0.0003048,-0.108950,-0.011407,0.000445,-0.000259,37,O
2025-04-19,60784,0.072170,0.402193,0.0340128,-0.0002814,-0.108728,-0.011633,0.000458,-0.000302,37,O
2025-04-20,60785,0.073028,0.404056,0.0342701,-0.0002181,-0.108428,-0.011682,0.000463,-0.000322,37,O
2025-04-21,60786,0.074534,0.405370,0.0344206,-0.0000605,-0.108201,-0.011560,0.000462,-0.000320,37,O
2025-04-22,60787,0.075972,0.406514,0.0343595,0.0001825,-0.108239,-0.011485,0.000454,-0.000297,37,O
2025-04-23,60788,0.077244,0.407412,0.0340518,0.0004478,-0.108467,-0.011590,0.000443,-0.000253,37,O
2025-04-24,60789,0.078667,0.408528,0.0334709,0.0007220,-0.108576,-0.011635,0.000434,-0.000174,37,O
2025-04-25,60790,0.080258,0.409992,0.0326255,0.0009408,-0.108571,-0.011308,0.000416,-0.000097,37,O
2025-04-26,60791,0.081629,0.411521,0.0316430,0.0009835,-0.108934,-0.010691,0.000349,-0.000071,37,O
2025-04-27,60792,0.082666,0.413123,0.0307293,0.0008214,-0.109860,-0.010232,0.000254,-0.000087,37,O
2025-04-28,60793,0.083369,0.414241,0.0300424,0.0005419,-0.110953,-0.010258,0.000167,-0.000123,37,O
2025-04-29,60794,0.084125,0.415099,0.0296527,0.0002210,-0.111640,-0.010654,0.000112,-0.000165,37,O
2025-04-30,60795,0.084694,0.416115,0.0295953,-0.0000838,-0.111484,-0.011103,0.000187,-0.000182,37,O
2025-05-01,60796,0.085444,0.416878,0.0297755,-0.0002567,-0.110781,-0.011524,0.000312,-0.000189,37,O
2025-05-02,60797,0.086530,0.418013,0.0300650,-0.0002886,-0.109827,-0.011918,0.000441,-0.000191,37,O
2025-05-03,60798,0.087341,0.419135,0.0303058,-0.0001754,-0.109058,-0.012139,0.000510,-0.000192,37,O
2025-05-04,60799,0.088194,0.420188,0.0303890,-0.0000001,-0.108757,-0.012004,0.000532,-0.000190,37,O
2025-05-05,60800,0.088860,0.421218,0.0303144,0.0001591,-0.108949,-0.011572,0.000523,-0.000185,37,O
2025-05-06,60801,0.089751,0.422123,0.0300589,0.0003215,-0.109344,-0.011116,0.000486,-0.000175,37,O
2025-05-07,60802,0.090679,0.423221,0.0297043,0.0003830,-0.109661,-0.010823,0.000413,-0.000156,37,O
2025-05-08,60803,0.091474,0.423801,0.0293195,0.0003748,-0.109802,-0.010663,0.000332,-0.000139,37,O
2025-05-09,60804,0.092511,0.424382,0.0289841,0.0002971,-0.109762,-0.010573,0.000309,-0.000158,37,O
2025-05-10,60805,0.093867,0.424754,0.0287399,0.0002074,-0.109662,-0.010584,0.000336,-0.000206,37,O
2025-05-11,60806,0.095477,0.425160,0.0285547,0.0001323,-0.109565,-0.010815,0.000386,-0.000258,37,O
2025-05-12,60807,0.097031,0.425931,0.0284913,-0.0000087,-0.109491,-0.011258,0.000442,-0.000303,37,O
2025-05-13,60808,0.098010,0.426827,0.0285729,-0.0001558,-0.109463,-0.011700,0.000492,-0.000325,37,O
2025-05-14,60809,0.099005,0.427740,0.0288001,-0.0002960,-0.109569,-0.011859,0.000482,-0.000261,37,O
2025-05-15,60810,0.100137,0.428837,0.0291549,-0.0004005,-0.109655,-0.011781,0.000453,-0.000173,37,O
2025-05-16,60811,0.100775,0.429959,0.0295788,-0.0004342,-0.109676,-0.011642,0.000424,-0.000092,37,O
2025-05-17,60812,0.101195,0.430866,0.0299939,-0.0003907,-0.109607,-0.011603,0.000419,-0.000074,37,O
2025-05-18,60813,0.101614,0.431626,0.0303416,-0.0002941,-0.109476,-0.011613,0.000428,-0.000099,37,O
2025-05-19,60814,0.102681,0.431822,0.0305626,-0.0001411,-0.109318,-0.011594,0.000439,-0.000139,37,O
2025-05-20,60815,0.103942,0.432105,0.0306132,0.0000628,-0.109204,-0.011583,0.000445,-0.000183,37,O
2025-05-21,60816,0.105181,0.432845,0.0304189,0.0003238,-0.109254,-0.011617,0.000427,-0.000206,37,O
2025-05-22,60817,0.106241,0.433798,0.0299774,0.0005649,-0.109429,-0.011616,0.000400,-0.000217,37,O
2025-05-23,60818,0.107323,0.434594,0.0293102,0.0007363,-0.109737,-0.011412,0.000374,-0.000221,37,O
2025-05-24,60819,0.108122,0.435600,0.0285589,0.0007319,-0.110244,-0.011022,0.000368,-0.000209,37,O
2025-05-25,60820,0.108541,0.436478,0.0279053,0.0005562,-0.110954,-0.010737,0.000375,-0.000186,37,O
2025-05-26,60821,0.109617,0.436830,0.0274779,0.0002496,-0.111613,-0.010785,0.000387,-0.000161,37,O
2025-05-27,60822,0.110642,0.437289,0.0274448,-0.0001446,-0.111926,-0.011063,0.000400,-0.000136,37,O
2025-05-28,60823,0.111342,0.437516,0.0277227,-0.0003710,-0.111848,-0.011341,0.000409,-0.000121,37,O
2025-05-29,60824,0.111604,0.438040,0.0281256,-0.0004125,-0.111480,-0.011550,0.000414,-0.000113,37,O
2025-05-30,60825,0.111973,0.437542,0.0285070,-0.0003479,-0.110937,-0.011737,0.000415,-0.000112,37,O
2025-05-31,60826,0.112643,0.437395,0.0288129,-0.0002453,-0.110510,-0.011839,0.000386,-0.000139,37,O
2025-06-01,60827,0.113182,0.437692,0.0289921,-0.0001049,-0.110514,-0.011690,0.000343,-0.000182,37,O
2025-06-02,60828,0.114122,0.438003,0.0290266,0.0000281,-0.111033,-0.011304,0.000305,-0.000225,37,O
2025-06-03,60829,0.115418,0.438406,0.0289611,0.0000980,-0.111720,-0.010931,0.000282,-0.000262,37,O
2025-06-04,60830,0.117186,0.439005,0.0288460,0.0001171,-0.112107,-0.010772,0.000285,-0.000282,37,O
2025-06-05,60831,0.118687,0.439887,0.0287438,0.0000868,-0.111992,-0.010770,0.000351,-0.000266,37,O
2025-06-06,60832,0.120174,0.440275,0.0286828,0.0000272,-0.111728,-0.010788,0.000426,-0.000237,37,O
2025-06-07,60833,0.121683,0.440770,0.0287050,-0.0000990,-0.111686,-0.010792,0.000448,-0.000205,37,O
2025-06-08,60834,0.123141,0.441049,0.0289106,-0.0003197,-0.111872,-0.010896,0.000426,-0.000177,37,O
2025-06-09,60835,0.124761,0.441518,0.0293605,-0.0005693,-0.112162,-0.011176,0.000387,-0.000158,37,O
2025-06-10,60836,0.126174,0.441998,0.0300358,-0.0007667,-0.112481,-0.011512,0.000345,-0.000153,37,O
2025-06-11,60837,0.127582,0.442542,0.0308604,-0.0008825,-0.112688,-0.011713,0.000337,-0.000192,37,O
2025-06-12,60838,0.129027,0.442836,0.0317785,-0.0009467,-0.112757,-0.011666,0.000347,-0.000248,37,O
2025-06-13,60839,0.130704,0.442824,0.0327324,-0.0009326,-0.112695,-0.011477,0.000366,-0.000304,37,O
2025-06-14,60840,0.132520,0.442647,0.0336031,-0.0007971,-0.112561,-0.011311,0.000405,-0.000335,37,O
2025-06-15,60841,0.134699,0.442414,0.0342998,-0.0005987,-0.112462,-0.011258,0.000454,-0.000346,37,O
2025-06-16,60842,0.136976,0.442562,0.0347940,-0.0003825,-0.112403,-0.011275,0.000499,-0.000346,37,O
2025-06-17,60843,0.138863,0.442705,0.0350650,-0.0001582,-0.112334,-0.011278,0.000531,-0.000336,37,O
2025-06-18,60844,0.140573,0.442872,0.0351231,0.0000295,-0.112364,-0.011219,0.000518,-0.000315,37,O
2025-06-19,60845,0.142013,0.443083,0.0350401,0.0001252,-0.112563,-0.011090,0.000486,-0.000289,37,O
2025-06-20,60846,0.143536,0.442665,0.0349179,0.0000975,-0.113001,-0.010904,0.000448,-0.000265,37,O
2025-06-21,60847,0.145191,0.442561,0.0348913,-0.0000902,-0.113594,-0.010746,0.000423,-0.000253,37,O
2025-06-22,60848,0.146787,0.442300,0.0351524,-0.0004557,-0.114172,-0.010735,0.000406,-0.000251,37,O
2025-06-23,60849,0.148535,0.442000,0.0358309,-0.0008592,-0.114553,-0.010909,0.000395,-0.000255,37,O
2025-06-24,60850,0.150166,0.441613,0.0368179,-0.0010981,-0.114686,-0.011150,0.000388,-0.000265,37,O
2025-06-25,60851,0.151780,0.441105,0.0379660,-0.0012002,-0.114649,-0.011313,0.000389,-0.000291,37,O
2025-06-26,60852,0.153267,0.440691,0.0391851,-0.0012143,-0.114510,-0.011359,0.000392,-0.000316,37,O
2025-06-27,60853,0.154732,0.440359,0.0403668,-0.0011150,-0.114258,-0.011345,0.000394,-0.000327,37,O
2025-06-28,60854,0.156393,0.440103,0.0413854,-0.0009211,-0.114027,-0.011228,0.000383,-0.000276,37,O
2025-06-29,60855,0.158504,0.440062,0.0422187,-0.0007258,-0.114083,-0.010973,0.000365,-0.000192,37,O
2025-06-30,60856,0.160254,0.440060,0.0428717,-0.0005895,-0.114589,-0.010638,0.000348,-0.000104,37,O
2025-07-01,60857,0.162050,0.439822,0.0434235,-0.0005074,-0.115343,-0.010393,0.000339,-0.000032,37,O
2025-07-02,60858,0.163704,0.439721,0.0438862,-0.0004512,-0.115889,-0.010404,0.000355,-0.000031,37,O
2025-07-03,60859,0.165107,0.439218,0.0443592,-0.0005089,-0.116061,-0.010566,0.000381,-0.000063,37,O
2025-07-04,60860,0.166730,0.439047,0.0449311,-0.0006464,-0.116006,-0.010701,0.000407,-0.000106,37,O
2025-07-05,60861,0.167801,0.438671,0.0456628,-0.0008349,-0.115993,-0.010734,0.000415,-0.000137,37,O
2025-07-06,60862,0.169253,0.437918,0.0466102,-0.0010605,-0.116108,-0.010767,0.000412,-0.000160,37,O
2025-07-07,60863,0.171140,0.437840,0.0477786,-0.0012520,-0.116316,-0.010914,0.000402,-0.000178,37,O
2025-07-08,60864,0.173368,0.438085,0.0490784,-0.0013421,-0.116572,-0.011134,0.000389,-0.000190,37,O
2025-07-09,60865,0.175372,0.438273,0.0504334,-0.0013684,-0.116826,-0.011253,0.000373,-0.000185,37,O
2025-07-10,60866,0.176447,0.437987,0.0517919,-0.0013367,-0.117007,-0.011168,0.000356,-0.000177,37,O
2025-07-11,60867,0.177678,0.437386,0.0530803,-0.0012211,-0.117070,-0.010939,0.000341,-0.000174,37,O
2025-07-12,60868,0.178602,0.437072,0.0542033,-0.0009981,-0.117053,-0.010760,0.000334,-0.000210,37,O
2025-07-13,60869,0.179916,0.436472,0.0550441,-0.0006733,-0.117077,-0.010727,0.000333,-0.000264,37,O
2025-07-14,60870,0.181797,0.436233,0.0555396,-0.0003504,-0.117201,-0.010811,0.000333,-0.000313,37,O
2025-07-15,60871,0.184047,0.435784,0.0557868,-0.0001574,-0.117387,-0.010909,0.000331,-0.000344,37,O
2025-07-16,60872,0.186744,0.435563,0.0558904,-0.0000664,-0.117608,-0.010891,0.000321,-0.000306,37,O
2025-07-17,60873,0.188822,0.435440,0.0559596,-0.0000847,-0.117856,-0.010790,0.000309,-0.000241,37,O
2025-07-18,60874,0.190643,0.435074,0.0560917,-0.0001956,-0.118141,-0.010670,0.000299,-0.000175,37,O
2025-07-19,60875,0.191922,0.434775,0.0563697,-0.0003700,-0.118393,-0.010642,0.000304,-0.000162,37,O
2025-07-20,60876,0.192875,0.433996,0.0568361,-0.0005752,-0.118547,-0.010720,0.000318,-0.000180,37,O
2025-07-21,60877,0.193909,0.433615,0.0575139,-0.0007804,-0.118585,-0.010869,0.000332,-0.000202,37,O
2025-07-22,60878,0.194917,0.433233,0.0583746,-0.0009089,-0.118569,-0.011013,0.000340,-0.000217,37,O
2025-07-23,60879,0.195971,0.432959,0.0592753,-0.0008661,-0.118608,-0.011039,0.000327,-0.000177,37,O
2025-07-24,60880,0.197158,0.432634,0.0600546,-0.0006941,-0.118651,-0.010958,0.000306,-0.000121,37,O
2025-07-25,60881,0.198521,0.432351,0.0606568,-0.0005020,-0.118610,-0.010804,0.000284,-0.000073,37,O
2025-07-26,60882,0.199664,0.431732,0.0610672,-0.0003152,-0.118489,-0.010641,0.000273,-0.000081,37,O
2025-07-27,60883,0.200626,0.430933,0.0613030,-0.0001657,-0.118489,-0.010482,0.000270,-0.000124,37,O
2025-07-28,60884,0.202025,0.430297,0.0614255,-0.0000784,-0.118804,-0.010390,0.000271,-0.000176,37,O
2025-07-29,60885,0.203934,0.429791,0.0614726,-0.0000434,-0.119399,-0.010442,0.000276,-0.000222,37,O
2025-07-30,60886,0.206128,0.429040,0.0615429,-0.0001232,-0.120014,-0.010600,0.000283,-0.000226,37,O
2025-07-31,60887,0.208206,0.427971,0.0617487,-0.0002948,-0.120388,-0.010762,0.000292,-0.000211,37,O
2025-08-01,60888,0.210224,0.427164,0.0621491,-0.0005134,-0.120461,-0.010804,0.000302,-0.000188,37,O
2025-08-02,60889,0.211813,0.426324,0.0627846,-0.0007620,-0.120370,-0.010721,0.000314,-0.000160,37,O
2025-08-03,60890,0.213053,0.424980,0.0636806,-0.0010157,-0.120281,-0.010640,0.000327,-0.000133,37,O
2025-08-04,60891,0.213698,0.423831,0.0647959,-0.0012006,-0.120265,-0.010676,0.000338,-0.000113,37,O
2025-08-05,60892,0.213938,0.422752,0.0660502,-0.0013015,-0.120301,-0.010813,0.000348,-0.000105,37,O
2025-08-06,60893,0.214392,0.421489,0.0673740,-0.0013238,-0.120361,-0.010955,0.000352,-0.000133,37,O
2025-08-07,60894,0.214858,0.420373,0.0686597,-0.0012401,-0.120425,-0.010986,0.000352,-0.000176,37,O
2025-08-08,60895,0.215221,0.419037,0.0698264,-0.0010690,-0.120480,-0.010911,0.000350,-0.000220,37,O
2025-08-09,60896,0.215612,0.417702,0.0707694,-0.0008130,-0.120520,-0.010803,0.000345,-0.000252,37,O
2025-08-10,60897,0.216127,0.416433,0.0714433,-0.0005280,-0.120563,-0.010725,0.000339,-0.000269,37,O
2025-08-11,60898,0.217264,0.415101,0.0718343,-0.0002675,-0.120679,-0.010695,0.000332,-0.000270,37,O
2025-08-12,60899,0.218405,0.414082,0.0720043,-0.0000958,-0.120936,-0.010698,0.000322,-0.000251,37,O
2025-08-13,60900,0.218695,0.413145,0.0720690,-0.0000553,-0.121318,-0.010705,0.000310,-0.000198,37,O
2025-08-14,60901,0.218919,0.412202,0.0721574,-0.0001434,-0.121683,-0.010716,0.000299,-0.000135,37,O
2025-08-15,60902,0.219579,0.411058,0.0723897,-0.0003413,-0.121850,-0.010740,0.000302,-0.000103,37,O
2025-08-16,60903,0.220568,0.409976,0.0728616,-0.0006121,-0.121785,-0.010756,0.000316,-0.000101,37,O
2025-08-17,60904,0.221369,0.408972,0.0736133,-0.0008701,-0.121598,-0.010760,0.000334,-0.000113,37,O
2025-08-18,60905,0.222254,0.407532,0.0745609,-0.0010274,-0.121437,-0.010775,0.000350,-0.000135,37,O
2025-08-19,60906,0.223291,0.406074,0.0756406,-0.0011174,-0.121363,-0.010824,0.000360,-0.000159,37,O
2025-08-20,60907,0.224503,0.404441,0.0767694,-0.0010948,-0.121357,-0.010883,0.000350,-0.000170,37,O
2025-08-21,60908,0.225907,0.403079,0.0777787,-0.0009304,-0.121303,-0.010905,0.000330,-0.000177,37,O
2025-08-22,60909,0.226884,0.401880,0.0786262,-0.0007691,-0.121183,-0.010814,0.000305,-0.000181,37,O
2025-08-23,60910,0.227909,0.400319,0.0793335,-0.0006280,-0.121093,-0.010577,0.000269,-0.000184,37,O
2025-08-24,60911,0.229156,0.398970,0.0798892,-0.0004848,-0.121130,-0.010268,0.000230,-0.000183,37,O
2025-08-25,60912,0.230040,0.397635,0.0803242,-0.0003926,-0.121371,-0.010051,0.000200,-0.000177,37,O
2025-08-26,60913,0.230708,0.396543,0.0806914,-0.0003565,-0.121817,-0.010051,0.000185,-0.000162,37,O
2025-08-27,60914,0.230973,0.395705,0.0810566,-0.0003903,-0.122271,-0.010230,0.000217,-0.000132,37,O
2025-08-28,60915,0.231141,0.394514,0.0814925,-0.0004888,-0.122570,-0.010421,0.000267,-0.000094,37,O
2025-08-29,60916,0.231490,0.393396,0.0820466,-0.0006295,-0.122572,-0.010477,0.000319,-0.000049,37,O
2025-08-30,60917,0.232113,0.392170,0.0827590,-0.0007953,-0.122354,-0.010395,0.000351,0.000017,37,O
2025-08-31,60918,0.232892,0.391240,0.0836324,-0.0009454,-0.122093,-0.010329,0.000365,0.000087,37,O
2025-09-01,60919,0.233522,0.390314,0.0846346,-0.0010356,-0.121950,-0.010384,0.000359,0.000140,37,O
2025-09-02,60920,0.234366,0.389246,0.0856748,-0.0010302,-0.121869,-0.010515,0.000349,0.000162,37,O
2025-09-03,60921,0.234714,0.388354,0.0866745,-0.0009614,-0.121497,-0.010651,0.000451,0.000095,37,O
2025-09-04,60922,0.234431,0.387166,0.0875760,-0.0008184,-0.121616,-0.010705,0.000370,-0.000010,37,O
2025-09-05,60923,0.233859,0.385873,0.0882826,-0.0005782,-0.121867,-0.010714,0.000284,-0.000121,37,O
2025-09-06,60924,0.233428,0.384364,0.0887065,-0.0002693,-0.122154,-0.010695,0.000223,-0.000199,37,O
2025-09-07,60925,0.233231,0.382796,0.0888232,0.0000352,-0.122365,-0.010635,0.000190,-0.000246,37,O
2025-09-08,60926,0.233705,0.381190,0.0886508,0.0002845,-0.122514,-0.010531,0.000170,-0.000271,37,O
2025-09-09,60927,0.234521,0.379682,0.0883071,0.0003796,-0.122487,-0.010453,0.000242,-0.000270,37,O
2025-09-10,60928,0.235270,0.378474,0.0879453,0.0003221,-0.122761,-0.010454,0.000234,-0.000222,37,O
2025-09-11,60929,0.236122,0.377126,0.0877056,0.0001478,-0.123021,-0.010516,0.000226,-0.000154,37,O
2025-09-12,60930,0.236431,0.375640,0.0876583,-0.0000777,-0.123132,-0.010533,0.000218,-0.000085,37,O
2025-09-13,60931,0.236242,0.373853,0.0878620,-0.0003383,-0.122947,-0.010488,0.000254,-0.000051,37,O
2025-09-14,60932,0.235825,0.371921,0.0883186,-0.0005560,-0.122648,-0.010424,0.000292,-0.000040,37,O
2025-09-15,60933,0.235240,0.370025,0.0889293,-0.0006455,-0.122353,-0.010399,0.000329,-0.000041,37,O
2025-09-16,60934,0.234724,0.368085,0.0895603,-0.0005969,-0.122102,-0.010422,0.000360,-0.000046,37,O
2025-09-17,60935,0.234338,0.366292,0.0900845,-0.0004394,-0.121870,-0.010456,0.000371,-0.000052,37,O
2025-09-18,60936,0.233669,0.364514,0.0904197,-0.0002261,-0.121587,-0.010448,0.000368,-0.000058,37,O
2025-09-19,60937,0.233100,0.362802,0.0905323,-0.0000024,-0.121286,-0.010334,0.000359,-0.000060,37,O
2025-09-20,60938,0.232731,0.360954,0.0904411,0.0001841,-0.121080,-0.010055,0.000345,-0.000045,37,O
2025-09-21,60939,0.232350,0.359319,0.0901830,0.0002944,-0.121025,-0.009674,0.000329,-0.000021,37,O
2025-09-22,60940,0.231845,0.357697,0.0899007,0.0002537,-0.121110,-0.009369,0.000317,0.000001,37,O
2025-09-23,60941,0.231543,0.356055,0.0897123,0.0001216,-0.121317,-0.009322,0.000311,0.000017,37,O
2025-09-24,60942,0.231170,0.354857,0.0896712,-0.0000375,-0.121582,-0.009573,0.000325,0.000002,37,O
2025-09-25,60943,0.230566,0.353390,0.0897865,-0.0001840,-0.121803,-0.009928,0.000348,-0.000022,37,O
2025-09-26,60944,0.229468,0.351646,0.0900199,-0.0003123,-0.121811,-0.010172,0.000371,-0.000043,37,O
2025-09-27,60945,0.227999,0.349563,0.0904226,-0.0004892,-0.121579,-0.010238,0.000383,-0.000026,37,O
2025-09-28,60946,0.226579,0.347077,0.0909921,-0.0006362,-0.121251,-0.010272,0.000388,0.000010,37,O
2025-09-29,60947,0.225890,0.345029,0.0916715,-0.0007171,-0.120998,-0.010382,0.000389,0.000044,37,O
2025-09-30,60948,0.225256,0.343100,0.0924092,-0.0007128,-0.120821,-0.010493,0.000389,0.000063,37,O
2025-10-01,60949,0.224625,0.341280,0.0930425,-0.0005456,-0.120599,-0.010511,0.000396,0.000019,37,O
2025-10-02,60950,0.224126,0.339835,0.0934700,-0.0003124,-0.120388,-0.010397,0.000401,-0.000046,37,O
2025-10-03,60951,0.223087,0.338273,0.0936620,-0.0000588,-0.120356,-0.010278,0.000400,-0.000110,37,O
2025-10-04,60952,0.221972,0.336963,0.0935841,0.0002146,-0.120565,-0.010199,0.000376,-0.000131,37,O
2025-10-05,60953,0.220913,0.335790,0.0932489,0.0004384,-0.120837,-0.010082,0.000338,-0.000121,37,O
2025-10-06,60954,0.219912,0.334623,0.0927497,0.0005434,-0.121042,-0.009863,0.000298,-0.000096,37,O
2025-10-07,60955,0.218416,0.333149,0.0922102,0.0005175,-0.121189,-0.009662,0.000262,-0.000061,37,O
2025-10-08,60956,0.217049,0.331539,0.0917596,0.0003512,-0.121216,-0.009657,0.000247,-0.000027,37,O
2025-10-09,60957,0.215385,0.330513,0.0915476,0.0000629,-0.121079,-0.009782,0.000244,0.000007,37,O
2025-10-10,60958,0.213293,0.329302,0.0916356,-0.0002474,-0.120861,-0.009812,0.000249,0.000034,37,O
2025-10-11,60959,0.211499,0.328155,0.0920248,-0.0005213,-0.120735,-0.009710,0.000264,0.000030,37,O
2025-10-12,60960,0.210141,0.327142,0.0926440,-0.0006903,-0.120719,-0.009644,0.000284,0.000007,37,O
2025-10-13,60961,0.208808,0.326409,0.0933544,-0.0007032,-0.120642,-0.009743,0.000302,-0.000029,37,O
2025-10-14,60962,0.207159,0.325840,0.0940059,-0.0005812,-0.120368,-0.009888,0.000322,-0.000060,37,O
2025-10-15,60963,0.205311,0.325107,0.0944850,-0.0003745,-0.119979,-0.009895,0.000336,-0.000078,37,O
2025-10-16,60964,0.203362,0.324331,0.0947470,-0.0001503,-0.119602,-0.009732,0.000340,-0.000088,37,O
2025-10-17,60965,0.201540,0.323764,0.0947655,0.0000882,-0.119281,-0.009489,0.000343,-0.000094,37,O
2025-10-18,60966,0.199466,0.322942,0.0945933,0.0002434,-0.119064,-0.009226,0.000340,-0.000102,37,O
2025-10-19,60967,0.197969,0.322354,0.0943069,0.0003187,-0.118954,-0.008947,0.000333,-0.000107,37,O
2025-10-20,60968,0.196456,0.322087,0.0939886,0.0003183,-0.118915,-0.008714,0.000328,-0.000101,37,O
2025-10-21,60969,0.194964,0.322047,0.0936914,0.0002587,-0.118921,-0.008664,0.000327,-0.000080,37,O
2025-10-22,60970,0.193261,0.322437,0.0934934,0.0001477,-0.118963,-0.008842,0.000337,-0.000016,37,O
2025-10-23,60971,0.191603,0.322596,0.0933993,0.0000466,-0.119018,-0.009157,0.000354,0.000059,37,O
2025-10-24,60972,0.189664,0.322856,0.0933822,-0.0000439,-0.118970,-0.009395,0.000375,0.000125,37,O
2025-10-25,60973,0.187837,0.322766,0.0935035,-0.0001949,-0.118694,-0.009491,0.000410,0.000139,37,O
2025-10-26,60974,0.186061,0.322825,0.0937690,-0.0003169,-0.118281,-0.009528,0.000447,0.000113,37,O
2025-10-27,60975,0.184392,0.322426,0.0941098,-0.0003306,-0.117921,-0.009613,0.000474,0.000066,37,O
2025-10-28,60976,0.183311,0.322011,0.0943772,-0.0001982,-0.117688,-0.009707,0.000483,0.000004,37,O
2025-10-29,60977,0.182047,0.321712,0.0944757,0.0000128,-0.117552,-0.009693,0.000457,-0.000084,37,O
2025-10-30,60978,0.180828,0.321570,0.0943323,0.0002902,-0.117390,-0.009478,0.000441,-0.000114,37,O
2025-10-31,60979,0.179175,0.320921,0.0938742,0.0006107,-0.117288,-0.009212,0.000447,-0.000068,37,O
2025-11-01,60980,0.177244,0.320174,0.0931284,0.0008620,-0.117399,-0.009051,0.000432,0.000010,37,O
2025-11-02,60981,0.175020,0.319354,0.0921959,0.0010131,-0.117610,-0.008969,0.000401,0.000026,37,O
2025-11-03,60982,0.173471,0.318711,0.0911241,0.0010996,-0.117806,-0.008771,0.000376,0.000022,37,O
2025-11-04,60983,0.171812,0.318656,0.0900458,0.0010130,-0.117950,-0.008569,0.000371,0.000001,37,O
2025-11-05,60984,0.169916,0.318327,0.0891617,0.0007597,-0.117820,-0.008624,0.000416,-0.000046,37,O
2025-11-06,60985,0.167851,0.318233,0.0885363,0.0004714,-0.117464,-0.008839,0.000412,-0.000051,37,O
2025-11-07,60986,0.165856,0.317868,0.0882167,0.0001782,-0.117078,-0.008877,0.000345,-0.000003,37,O
2025-11-08,60987,0.164023,0.317103,0.0881372,-0.0000080,-0.116842,-0.008680,0.000328,0.000011,37,O
2025-11-09,60988,0.162949,0.316277,0.0881949,-0.0000630,-0.116865,-0.008512,0.000385,-0.000009,37,O
2025-11-10,60989,0.162507,0.315816,0.0882007,0.0000740,-0.116944,-0.008608,0.000450,-0.000038,37,O
2025-11-11,60990,0.161496,0.315291,0.0880069,0.0002927,-0.116748,-0.008821,0.000509,-0.000064,37,O
2025-11-12,60991,0.160174,0.315158,0.0876273,0.0004666,-0.116643,-0.008787,0.000449,-0.000051,37,O
2025-11-13,60992,0.158357,0.315370,0.0871120,0.0005895,-0.116524,-0.008450,0.000418,-0.000022,37,O
2025-11-14,60993,0.156447,0.315695,0.0864380,0.0007333,-0.116529,-0.008040,0.000386,0.000011,37,O
2025-11-15,60994,0.154540,0.315953,0.0856632,0.0007760,-0.116552,-0.007738,0.000349,0.000065,37,O
2025-11-16,60995,0.152952,0.316292,0.0849392,0.0006775,-0.116586,-0.007564,0.000291,0.000116,37,O
2025-11-17,60996,0.151066,0.316719,0.0843286,0.0005307,-0.116284,-0.007517,0.000363,0.000092,37,O
2025-11-18,60997,0.149129,0.316477,0.0839031,0.0003328,-0.116105,-0.007542,0.000400,0.000084,37,O
2025-11-19,60998,0.147411,0.316278,0.0836568,0.0001620,-0.115937,-0.007780,0.000454,0.000045,37,O
2025-11-20,60999,0.145643,0.316141,0.0835666,0.0000111,-0.115937,-0.008187,0.000465,-0.000021,37,O
2025-11-21,61000,0.143733,0.315702,0.0836284,-0.0001287,-0.116031,-0.008555,0.000441,-0.000110,37,O
2025-11-22,61001,0.141866,0.314918,0.0838087,-0.0002142,-0.116053,-0.008715,0.000401,-0.000213,37,O
2025-11-23,61002,0.139750,0.314286,0.0840303,-0.0002296,-0.115903,-0.008602,0.000364,-0.000221,37,O
2025-11-24,61003,0.138020,0.313573,0.0842595,-0.0001753,-0.115651,-0.008381,0.000334,-0.000133,37,O
2025-11-25,61004,0.137269,0.313693,0.0843128,0.0000462,-0.115374,-0.008218,0.000332,-0.000043,37,O
2025-11-26,61005,0.136021,0.314563,0.0841725,0.0002615,-0.115039,-0.008151,0.000386,-0.000058,37,O
2025-11-27,61006,0.135059,0.314946,0.0837678,0.0005561,-0.114674,-0.008041,0.000476,-0.000092,37,O
2025-11-28,61007,0.134335,0.315262,0.0830476,0.0008557,-0.114347,-0.007928,0.000574,-0.000108,37,O
2025-11-29,61008,0.133376,0.315280,0.0820910,0.0010553,-0.114486,-0.007912,0.000519,-0.000128,37,O
2025-11-30,61009,0.132493,0.315686,0.0809735,0.0011535,-0.114963,-0.007894,0.000359,-0.000140,37,O
2025-12-01,61010,0.131560,0.316022,0.0798419,0.0011018,-0.115516,-0.007709,0.000214,-0.000120,37,O
2025-12-02,61011,0.130205,0.316153,0.0788026,0.0009389,-0.115966,-0.007423,0.000171,-0.000052,37,O
2025-12-03,61012,0.129008,0.316128,0.0780189,0.0006333,-0.115826,-0.007271,0.000347,0.000097,37,O
2025-12-04,61013,0.127970,0.316177,0.0775342,0.0003190,-0.115832,-0.007647,0.000303,-0.000020,37,O
2025-12-05,61014,0.127124,0.316053,0.0773736,0.0000185,-0.115122,-0.007828,0.000373,-0.000005,37,O
2025-12-06,61015,0.126460,0.316242,0.0774530,-0.0001435,-0.114484,-0.007693,0.000425,0.000011,37,O
2025-12-07,61016,0.125514,0.316432,0.0776012,-0.0001153,-0.114292,-0.007426,0.000460,0.000024,37,O
2025-12-08,61017,0.124907,0.316690,0.0776193,0.0000921,-0.114356,-0.007362,0.000485,0.000031,37,O
2025-12-09,61018,0.123893,0.316853,0.0773954,0.0003346,-0.114494,-0.007488,0.000433,0.000039,37,O
2025-12-10,61019,0.122810,0.316742,0.0769882,0.0004708,-0.114448,-0.007508,0.000420,0.000038,37,O
2025-12-11,61020,0.121628,0.316849,0.0764886,0.0005123,-0.114573,-0.007276,0.000402,0.000032,37,O
2025-12-12,61021,0.120821,0.316495,0.0759929,0.0004739,-0.114673,-0.007002,0.000458,0.000005,37,O
2025-12-13,61022,0.120467,0.316627,0.0755660,0.0003975,-0.114892,-0.006868,0.000440,0.000009,37,O
2025-12-14,61023,0.120217,0.316677,0.0751882,0.0003326,-0.115075,-0.006973,0.000360,-0.000055,37,O
2025-12-15,61024,0.120173,0.317387,0.0749163,0.0001823,-0.114912,-0.007071,0.000381,-0.000086,37,O
2025-12-16,61025,0.118924,0.318108,0.0748570,-0.0000291,-0.114761,-0.007078,0.000403,-0.000048,37,O
2025-12-17,61026,0.117553,0.318146,0.0749494,-0.0001802,-0.114648,-0.007330,0.000426,-0.000189,37,O
2025-12-18,61027,0.116445,0.318320,0.0752215,-0.0003699,-0.114598,-0.007547,0.000446,-0.000183,37,O
2025-12-19,61028,0.115251,0.318435,0.0756890,-0.0005318,-0.114621,-0.007738,0.000461,-0.000164,37,O
2025-12-20,61029,0.113622,0.319076,0.0762437,-0.0005736,-0.114655,-0.007719,0.000463,-0.000122,37,O
2025-12-21,61030,0.112817,0.319393,0.0768078,-0.0005356,-0.114562,-0.007480,0.000455,-0.000063,37,O
2025-12-22,61031,0.112320,0.320417,0.0772870,-0.0004018,-0.114308,-0.007189,0.000439,-0.000004,37,O
2025-12-23,61032,0.111229,0.321227,0.0775798,-0.0001782,-0.114035,-0.006985,0.000414,0.000071,37,O
2025-12-24,61033,0.110338,0.321876,0.0776301,0.0000847,-0.113888,-0.006907,0.000388,0.000137,37,O
2025-12-25,61034,0.109134,0.322679,0.0774020,0.0003610,-0.113892,-0.006892,0.000360,0.000178,37,O
2025-12-26,61035,0.108371,0.323202,0.0769267,0.0005822,-0.113949,-0.006923,0.000337,0.000160,37,O
2025-12-27,61036,0.107970,0.324128,0.0762682,0.0007108,-0.114002,-0.006918,0.000319,0.000160,37,O
2025-12-28,61037,0.108017,0.325056,0.0755546,0.0006949,-0.114094,-0.006907,0.000304,0.000119,37,O
2025-12-29,61038,0.109053,0.326203,0.0749295,0.0005594,-0.114328,-0.006818,0.000293,0.000064,37,O
2025-12-30,61039,0.110275,0.327903,0.0744521,0.0003846,-0.114749,-0.006727,0.000289,-0.000004,37,O
2025-12-31,61040,0.110731,0.329666,0.0741645,0.0001790,-0.115169,-0.006753,0.000303,-0.000013,37,O
2026-01-01,61041,0.110512,0.331193,0.0740869,-0.0000217,-0.115299,-0.007008,0.000326,-0.000013,37,O
2026-01-02,61042,0.109623,0.332564,0.0741827,-0.0001620,-0.114994,-0.007279,0.000351,-0.000013,37,O
2026-01-03,61043,0.108235,0.333533,0.0743754,-0.0001956,-0.114457,-0.007302,0.000375,-0.000013,37,O
2026-01-04,61044,0.106865,0.334552,0.0745122,-0.0000439,-0.113996,-0.007109,0.000396,-0.000023,37,O
2026-01-05,61045,0.105572,0.335529,0.0744093,0.0002351,-0.113679,-0.006954,0.000411,-0.000037,37,O
2026-01-06,61046,0.103998,0.336287,0.0740508,0.0004711,-0.113434,-0.006955,0.000417,-0.000045,37,O
2026-01-07,61047,0.102558,0.336911,0.0735047,0.0006125,-0.113379,-0.006980,0.000401,-0.000031,37,O
2026-01-08,61048,0.101147,0.337467,0.0728595,0.0006462,-0.113657,-0.006921,0.000375,-0.000006,37,O
2026-01-09,61049,0.100607,0.337760,0.0722566,0.0005561,-0.114183,-0.006849,0.000346,0.000022,37,O
2026-01-10,61050,0.100548,0.338590,0.0717719,0.0004054,-0.114625,-0.006890,0.000334,0.000040,37,O
2026-01-11,61051,0.100520,0.339389,0.0714649,0.0001980,-0.114808,-0.007017,0.000334,0.000051,37,O
2026-01-12,61052,0.100280,0.340027,0.0713712,-0.0000022,-0.114791,-0.007108,0.000341,0.000055,37,O
2026-01-13,61053,0.099840,0.340591,0.0714581,-0.0001780,-0.114680,-0.007150,0.000355,0.000030,37,O
2026-01-14,61054,0.099300,0.340921,0.0717242,-0.0003483,-0.114502,-0.007172,0.000378,0.000044,37,O
2026-01-15,61055,0.098571,0.341277,0.0721413,-0.0004911,-0.114314,-0.007331,0.000403,0.000030,37,O
2026-01-16,61056,0.097250,0.341706,0.0726961,-0.0006061,-0.114214,-0.007540,0.000427,0.000010,37,O
2026-01-17,61057,0.096044,0.341942,0.0733210,-0.0006180,-0.114254,-0.007633,0.000437,-0.000006,37,O
2026-01-18,61058,0.094855,0.342662,0.0738846,-0.0005015,-0.114306,-0.007541,0.000436,-0.000023,37,O
2026-01-19,61059,0.093371,0.343352,0.0742854,-0.0002692,-0.114222,-0.007351,0.000429,-0.000039,37,O
2026-01-20,61060,0.092287,0.344585,0.0743723,0.0000667,-0.114027,-0.007218,0.000417,-0.000051,37,O
2026-01-21,61061,0.091602,0.346059,0.0741836,0.0003257,-0.113891,-0.007214,0.000398,-0.000058,37,O
2026-01-22,61062,0.091282,0.347597,0.0737307,0.0005760,-0.113916,-0.007293,0.000377,-0.000059,37,O
2026-01-23,61063,0.091116,0.349328,0.0730468,0.0007617,-0.114058,-0.007367,0.000358,-0.000060,37,O
2026-01-24,61064,0.091561,0.350645,0.0722468,0.0008038,-0.114211,-0.007385,0.000347,-0.000063,37,O
2026-01-25,61065,0.091972,0.352411,0.0714965,0.0006849,-0.114363,-0.007340,0.000344,-0.000067,37,O
2026-01-26,61066,0.091839,0.353665,0.0709164,0.0004781,-0.114554,-0.007261,0.000350,-0.000071,37,O
2026-01-27,61067,0.091907,0.354782,0.0705460,0.0002596,-0.114783,-0.007216,0.000364,-0.000074,37,O
2026-01-28,61068,0.092090,0.356089,0.0703822,0.0000567,-0.114932,-0.007297,0.000397,-0.000075,37,O
2026-01-29,61069,0.091814,0.357447,0.0704269,-0.0001180,-0.114898,-0.007527,0.000437,-0.000074,37,O
2026-01-30,61070,0.091642,0.358822,0.0705811,-0.0001657,-0.114624,-0.007792,0.000476,-0.000069,37,O
2026-01-31,61071,0.091717,0.360219,0.0706982,-0.0000614,-0.114210,-0.007918,0.000495,-0.000064,37,O
2026-02-01,61072,0.091839,0.361536,0.0706818,0.0001329,-0.113752,-0.007827,0.000501,-0.000044,37,O
2026-02-02,61073,0.091976,0.362458,0.0704043,0.0003978,-0.113315,-0.007654,0.000499,-0.000041,37,O
2026-02-03,61074,0.091883,0.363524,0.0699148,0.0005722,-0.112866,-0.007516,0.000530,-0.000027,37,O
2026-02-04,61075,0.092090,0.364347,0.0692974,0.0006654,-0.112803,-0.007482,0.000489,-0.000009,37,O
2026-02-05,61076,0.092330,0.365716,0.0686030,0.0006842,-0.113041,-0.007548,0.000458,0.000009,37,O
2026-02-06,61077,0.092721,0.367125,0.0679779,0.0005556,-0.113564,-0.007692,0.000426,0.000028,37,O
2026-02-07,61078,0.093294,0.368421,0.0675140,0.0003709,-0.114097,-0.007864,0.000414,0.000051,37,O
2026-02-08,61079,0.093859,0.369226,0.0672412,0.0001723,-0.114463,-0.008025,0.000409,0.000036,37,O
2026-02-09,61080,0.095355,0.369937,0.0671668,-0.0000316,-0.114599,-0.008057,0.000410,0.000042,37,O
2026-02-10,61081,0.096900,0.371397,0.0673064,-0.0002441,-0.114521,-0.007940,0.000413,0.000136,37,O
2026-02-11,61082,0.098465,0.372782,0.0676462,-0.0004246,-0.114259,-0.007964,0.000420,0.000154,37,O
2026-02-12,61083,0.099675,0.374355,0.0681324,-0.0005311,-0.113902,-0.008136,0.000428,0.000161,37,O
2026-02-13,61084,0.100509,0.375429,0.0686773,-0.0005543,-0.113614,-0.008410,0.000436,0.000137,37,O
2026-02-14,61085,0.101234,0.376857,0.0692134,-0.0005086,-0.113535,-0.008608,0.000446,0.000111,37,O
2026-02-15,61086,0.101484,0.377888,0.0696746,-0.0003882,-0.113648,-0.008682,0.000454,0.000046,37,O
2026-02-16,61087,0.101827,0.378420,0.0699547,-0.0001441,-0.113782,-0.008643,0.000456,-0.000030,37,O
2026-02-17,61088,0.102584,0.379524,0.0699246,0.0001927,-0.113785,-0.008581,0.000451,-0.000108,37,O
2026-02-18,61089,0.103132,0.380819,0.0695893,0.0004718,-0.113712,-0.008560,0.000424,-0.000192,37,O
2026-02-19,61090,0.103822,0.381666,0.0690069,0.0006660,-0.113700,-0.008570,0.000388,-0.000265,37,O
2026-02-20,61091,0.104914,0.382325,0.0683084,0.0007129,-0.113875,-0.008599,0.000353,-0.000319,37,O
2026-02-21,61092,0.105907,0.383465,0.0676308,0.0006400,-0.114213,-0.008623,0.000329,-0.000323,37,O
2026-02-22,61093,0.106709,0.384695,0.0670485,0.0005153,-0.114585,-0.008664,0.000316,-0.000292,37,O
2026-02-23,61094,0.107244,0.385918,0.0666063,0.0003406,-0.114837,-0.008732,0.000313,-0.000244,37,O
2026-02-24,61095,0.107489,0.386589,0.0663875,0.0000809,-0.114870,-0.008819,0.000323,-0.000186,37,O
2026-02-25,61096,0.106876,0.387248,0.0664518,-0.0001865,-0.114645,-0.008938,0.000360,-0.000132,37,O
2026-02-26,61097,0.105992,0.387792,0.0667284,-0.0003262,-0.114266,-0.009103,0.000405,-0.000085,37,O
2026-02-27,61098,0.105552,0.387935,0.0670483,-0.0002886,-0.113822,-0.009297,0.000444,-0.000051,37,O
2026-02-28,61099,0.105499,0.388354,0.0672503,-0.0001071,-0.113451,-0.009492,0.000437,-0.000071,37,O
2026-03-01,61100,0.105015,0.389153,0.0672285,0.0001491,-0.113133,-0.009587,0.000403,-0.000120,37,O
2026-03-02,61101,0.104942,0.389676,0.0669336,0.0004302,-0.112861,-0.009534,0.000368,-0.000168,37,O
2026-03-03,61102,0.105329,0.390179,0.0663877,0.0006500,-0.112659,-0.009386,0.000344,-0.000199,37,O
2026-03-04,61103,0.105598,0.391082,0.0656663,0.0007783,-0.112440,-0.009211,0.000384,-0.000156,37,O
2026-03-05,61104,0.105219,0.392022,0.0648617,0.0007987,-0.112341,-0.009154,0.000443,-0.000082,37,O
2026-03-06,61105,0.104791,0.392363,0.0641129,0.0006913,-0.112436,-0.009244,0.000493,-0.000002,37,O
2026-03-07,61106,0.104918,0.392682,0.0635045,0.0005145,-0.112810,-0.009403,0.000478,0.000051,37,O
2026-03-08,61107,0.104027,0.393198,0.0630980,0.0003060,-0.113288,-0.009489,0.000421,0.000082,37,O
2026-03-09,61108,0.103153,0.393302,0.0628870,0.0001464,-0.113656,-0.009462,0.000347,0.000099,37,O
2026-03-10,61109,0.102928,0.393949,0.0627666,0.0000863,-0.113789,-0.009432,0.000269,0.000102,37,O
2026-03-11,61110,0.103200,0.394261,0.0626937,0.0000436,-0.113625,-0.009554,0.000210,0.000085,37,O
2026-03-12,61111,0.103027,0.394955,0.0626787,0.0000013,-0.113277,-0.009849,0.000165,0.000057,37,O
2026-03-13,61112,0.102817,0.395407,0.0626714,0.0000461,-0.112911,-0.010238,0.000131,-0.000029,37,O
2026-03-14,61113,0.102832,0.396042,0.0625435,0.0002148,-0.112509,-0.010480,0.000192,-0.000089,37,O
2026-03-15,61114,0.103184,0.396903,0.0622172,0.0004418,-0.112521,-0.010592,0.000211,-0.000179,37,O
2026-03-16,61115,0.104084,0.397582,0.0616502,0.0006876,-0.112703,-0.010576,0.000241,-0.000231,37,O
2026-03-17,61116,0.104756,0.398758,0.0608427,0.0009143,-0.112791,-0.010489,0.000282,-0.000257,37,O
2026-03-18,61117,0.105018,0.399479,0.0598464,0.0010837,-0.112646,-0.010294,0.000316,-0.000255,37,O
2026-03-19,61118,0.105661,0.400154,0.0586971,0.0011890,-0.112408,-0.009982,0.000347,-0.000225,37,O
2026-03-20,61119,0.106191,0.400838,0.0575157,0.0011403,-0.112419,-0.009684,0.000369,-0.000175,37,O
2026-03-21,61120,0.106426,0.401642,0.0564756,0.0009290,-0.112778,-0.009540,0.000401,-0.000063,37,O
2026-03-22,61121,0.107138,0.402180,0.0556874,0.0006408,-0.113335,-0.009766,0.000410,-0.000049,37,O
2026-03-23,61122,0.108147,0.402986,0.0551987,0.0003446,-0.113667,-0.010140,0.000414,-0.000034,37,O
2026-03-24,61123,0.109447,0.403443,0.0549765,0.0001197,-0.113584,-0.010489,0.000416,-0.000022,37,O
2026-03-25,61124,0.110773,0.404017,0.0549084,0.0000312,-0.113182,-0.010732,0.000422,-0.000015,37,O
2026-03-26,61125,0.112273,0.404985,0.0548583,0.0000815,-0.112706,-0.010889,0.000429,-0.000013,37,O
2026-03-27,61126,0.113994,0.406237,0.0547156,0.0002284,-0.112300,-0.011011,0.000434,-0.000015,37,O
2026-03-28,61127,0.115974,0.407133,0.0543734,0.0004716,-0.112009,-0.011124,0.000416,-0.000030,37,O
2026-03-29,61128,0.118707,0.407914,0.0537629,0.0007417,-0.111754,-0.011188,0.000396,-0.000051,37,O
2026-03-30,61129,0.121013,0.408876,0.0529200,0.0009260,-0.111555,-0.011139,0.000383,-0.000071,37,O
2026-03-31,61130,0.122733,0.409103,0.0519540,0.0009920,-0.111426,-0.010966,0.000389,-0.000085,37,O
2026-04-01,61131,0.124644,0.409404,0.0509765,0.0009715,-0.111270,-0.010745,0.000437,-0.000082,37,O
2026-04-02,61132,0.126437,0.410175,0.0500221,0.0009042,-0.111079,-0.010628,0.000501,-0.000071,37,O
2026-04-03,61133,0.127825,0.411331,0.0492010,0.0007262,-0.110958,-0.010699,0.000539,-0.000060,37,O
2026-04-04,61134,0.129535,0.412057,0.0485886,0.0005130,-0.110995,-0.010892,0.000551,-0.000051,37,O
2026-04-05,61135,0.131630,0.412622,0.0481656,0.0003282,-0.111179,-0.011048,0.000546,-0.000042,37,O
2026-04-06,61136,0.133560,0.413291,0.0479226,0.0001632,-0.111377,-0.011088,0.000530,-0.000036,37,O
2026-04-07,61137,0.135374,0.413590,0.0478188,0.0000649,-0.111431,-0.011101,0.000506,-0.000034,37,O
2026-04-08,61138,0.136880,0.413544,0.0477627,0.0000437,-0.111295,-0.011239,0.000478,-0.000036,37,O
2026-04-09,61139,0.138546,0.413709,0.0477158,0.0000709,-0.111013,-0.011543,0.000449,-0.000063,37,O
2026-04-10,61140,0.139773,0.413664,0.0475928,0.0001898,-0.110666,-0.011791,0.000423,-0.000059,37,O
2026-04-11,61141,0.141211,0.413823,0.0473072,0.0003702,-0.110375,-0.011893,0.000400,-0.000099,37,O
2026-04-12,61142,0.142395,0.414232,0.0468578,0.0005591,-0.110317,-0.011800,0.000384,-0.000108,37,O
2026-04-13,61143,0.143275,0.414482,0.0461734,0.0008155,-0.110565,-0.011660,0.000374,-0.000066,37,O
2026-04-14,61144,0.144200,0.414576,0.0452205,0.0010648,-0.110923,-0.011628,0.000363,-0.000068,37,O
2026-04-15,61145,0.145290,0.414959,0.0440898,0.0012034,-0.111081,-0.011503,0.000357,-0.000068,37,O
2026-04-16,61146,0.145772,0.415219,0.0428476,0.0012663,-0.111077,-0.011151,0.000353,-0.000066,37,O
2026-04-17,61147,0.146679,0.415296,0.0415955,0.0011866,-0.111279,-0.010740,0.000355,-0.000064,37,O
2026-04-18,61148,0.147619,0.415398,0.0405418,0.0009184,-0.111868,-0.010622,0.000366,-0.000063,37,O
2026-04-19,61149,0.148337,0.415629,0.0397756,0.0006177,-0.112548,-0.010942,0.000383,-0.000064,37,O
2026-04-20,61150,0.149270,0.416107,0.0392918,0.0003584,-0.112845,-0.011485,0.000401,-0.000065,37,O
2026-04-21,61151,0.150026,0.415972,0.0390254,0.0001925,-0.112607,-0.011939,0.000419,-0.000068,37,O
2026-04-22,61152,0.150987,0.416318,0.0388547,0.0001629,-0.112084,-0.012187,0.000429,-0.000076,37,O
2026-04-23,61153,0.151686,0.416812,0.0386657,0.0002446,-0.111596,-0.012268,0.000434,-0.000084,37,O
2026-04-24,61154,0.152534,0.417152,0.0383302,0.0004269,-0.111346,-0.012199,0.000425,-0.000044,37,O
2026-04-25,61155,0.153583,0.417898,0.0378071,0.0006235,-0.111223,-0.012156,0.000438,-0.000096,37,O
2026-04-26,61156,0.154586,0.418545,0.0370952,0.0007964,-0.111285,-0.012038,0.000405,-0.000096,37,O
2026-04-27,61157,0.155250,0.419221,0.0362411,0.0009116,-0.111263,-0.011917,0.000400,-0.000093,37,O
2026-04-28,61158,0.155427,0.419409,0.0352741,0.0009763,-0.111319,-0.011728,0.000361,-0.000039,37,O
2026-04-29,61159,0.155490,0.419022,0.0343381,0.0008843,-0.111168,-0.011607,0.000404,-0.000079,37,O
2026-04-30,61160,0.155479,0.418148,0.0335426,0.0007114,-0.111059,-0.011489,0.000418,-0.000068,37,O
2026-05-01,61161,0.155990,0.417384,0.0329256,0.0005164,-0.110910,-0.011538,0.000436,-0.000054,37,O
2026-05-02,61162,0.156859,0.417250,0.0325068,0.0003371,-0.110799,-0.011793,0.000460,-0.000060,37,O
2026-05-03,61163,0.157978,0.417066,0.0322326,0.0002064,-0.110806,-0.012079,0.000483,-0.000050,37,O
2026-05-04,61164,0.159726,0.416377,0.0320840,0.0000758,-0.110826,-0.012217,0.000525,-0.000015,37,O
2026-05-05,61165,0.161252,0.416079,0.0320860,-0.0000446,-0.110847,-0.012253,0.000540,-0.000013,37,O
2026-05-06,61166,0.162315,0.416120,0.0321478,-0.0000635,-0.110770,-0.012298,0.000548,-0.000019,37,O
2026-05-07,61167,0.163183,0.416191,0.0321945,-0.0000367,-0.110622,-0.012428,0.000550,-0.000031,37,O
2026-05-08,61168,0.164226,0.415649,0.0321978,0.0000448,-0.110409,-0.012535,0.000546,-0.000048,37,O
2026-05-09,61169,0.164997,0.415253,0.0320825,0.0002209,-0.110154,-0.012472,0.000532,-0.000076,37,O
2026-05-10,61170,0.165662,0.414356,0.0317175,0.0005242,-0.110010,-0.012270,0.000508,-0.000110,37,O
2026-05-11,61171,0.167156,0.413419,0.0310131,0.0008207,-0.110179,-0.012152,0.000475,-0.000144,37,O
2026-05-12,61172,0.168028,0.412539,0.0301446,0.0009394,-0.110597,-0.012237,0.000448,-0.000177,37,O
2026-05-13,61173,0.169101,0.411670,0.0291572,0.0010265,-0.110992,-0.012324,0.000433,-0.000199,37,O
2026-05-14,61174,0.169857,0.411757,0.0281235,0.0010225,-0.111285,-0.012154,0.000424,-0.000215,37,O
2026-05-15,61175,0.170478,0.411684,0.0271467,0.0008923,-0.111713,-0.011802,0.000417,-0.000226,37,O
2026-05-16,61176,0.171316,0.412181,0.0263816,0.0006226,-0.112409,-0.011615,0.000409,-0.000198,37,O
2026-05-17,61177,0.171845,0.412494,0.0259189,0.0003255,-0.113047,-0.011823,0.000401,-0.000150,37,O
2026-05-18,61178,0.172735,0.412878,0.0256945,0.0001336,-0.113209,-0.012267,0.000395,-0.000146,37,O
2026-05-19,61179,0.173418,0.413205,0.0256032,0.0000756,-0.112885,-0.012482,0.000393,-0.000053,37,O
2026-05-20,61180,0.174225,0.413027,0.0255028,0.0001673,-0.112382,-0.012599,0.000398,-0.000070,37,O
2026-05-21,61181,0.174669,0.412624,0.0252148,0.0004244,-0.111991,-0.012638,0.000409,-0.000111,37,O
2026-05-22,61182,0.175214,0.411850,0.0246334,0.0007267,-0.111847,-0.012602,0.000424,-0.000165,37,O
2026-05-23,61183,0.175939,0.410991,0.0237752,0.0009640,-0.111950,-0.012393,0.000457,-0.000185,37,O
2026-05-24,61184,0.177322,0.410288,0.0227625,0.0010440,-0.112206,-0.012107,0.000498,-0.000196,37,O
2026-05-25,61185,0.178561,0.409984,0.0217363,0.0010104,-0.112398,-0.011909,0.000534,-0.000196,37,O
2026-05-26,61186,0.179295,0.409620,0.0207609,0.0009488,-0.112393,-0.011862,0.000558,-0.000191,37,O
2026-05-27,61187,0.179924,0.409517,0.0198461,0.0008539,-0.112279,-0.011876,0.000563,-0.000180,37,O
2026-05-28,61188,0.180540,0.409443,0.0190793,0.0006766,-0.112269,-0.011883,0.000527,-0.000159,37,O
2026-05-29,61189,0.180786,0.409282,0.0185009,0.0004944,-0.112378,-0.011962,0.000478,-0.000137,37,O
2026-05-30,61190,0.181107,0.408567,0.0180847,0.0003283,-0.112558,-0.012214,0.000438,-0.000127,37,O
2026-05-31,61191,0.181564,0.408125,0.0178400,0.0001563,-0.112780,-0.012562,0.000409,-0.000128,37,O
2026-06-01,61192,0.182002,0.407673,0.0177696,0.0000131,-0.112989,-0.012793,0.000389,-0.000139,37,O
2026-06-02,61193,0.183202,0.407799,0.0177755,-0.0000227,-0.113113,-0.012782,0.000379,-0.000155,37,O
2026-06-03,61194,0.184536,0.408215,0.0177986,0.0000031,-0.113118,-0.012647,0.000387,-0.000194,37,O
2026-06-04,61195,0.185442,0.408299,0.0177335,0.0001381,-0.113067,-0.012545,0.000404,-0.000239,37,O
2026-06-05,61196,0.185871,0.408329,0.0174993,0.0003314,-0.112991,-0.012499,0.000423,-0.000280,37,O
2026-06-06,61197,0.186548,0.408026,0.0170632,0.0005309,-0.112868,-0.012361,0.000438,-0.000275,37,O
2026-06-07,61198,0.186868,0.407684,0.0164490,0.0007074,-0.112726,-0.012222,0.000447,-0.000340,37,O
2026-06-08,61199,0.187112,0.406981,0.0156603,0.0008644,-0.112737,-0.012049,0.000451,-0.000293,37,O
2026-06-09,61200,0.187379,0.406533,0.0147513,0.0009470,-0.113019,-0.012132,0.000447,-0.000289,37,O
2026-06-10,61201,0.187833,0.405838,0.0137893,0.0009478,-0.113504,-0.012284,0.000429,-0.000256,37,O
2026-06-11,61202,0.188287,0.405116,0.0129053,0.0008009,-0.114041,-0.012271,0.000405,-0.000215,37,O
2026-06-12,61203,0.189151,0.404013,0.0122295,0.0005273,-0.114620,-0.012073,0.000381,-0.000181,37,O
2026-06-13,61204,0.190389,0.403260,0.0118816,0.0001916,-0.115218,-0.011931,0.000358,-0.000139,37,O
2026-06-14,61205,0.191485,0.402605,0.0118117,-0.0000553,-0.115581,-0.012032,0.000342,-0.000101,37,O
2026-06-15,61206,0.192486,0.402143,0.0119519,-0.0001961,-0.115525,-0.012206,0.000330,-0.000069,37,O
2026-06-16,61207,0.193386,0.401682,0.0121361,-0.0001698,-0.115204,-0.012243,0.000322,-0.000070,37,O
2026-06-17,61208,0.193962,0.401162,0.0122973,-0.0001102,-0.114921,-0.012156,0.000317,-0.000073,37,O
2026-06-18,61209,0.194423,0.400452,0.0123275,0.0000409,-0.114787,-0.012156,0.000317,-0.000105,37,O
2026-06-19,61210,0.195397,0.399759,0.0122265,0.0001714,-0.114819,-0.012198,0.000321,-0.000144,37,O
2026-06-20,61211,0.196343,0.399199,0.0119962,0.0002879,-0.115120,-0.012095,0.000334,-0.000182,37,O
2026-06-21,61212,0.196926,0.398391,0.0116715,0.0003358,-0.115709,-0.011843,0.000353,-0.000217,37,O
2026-06-22,61213,0.197536,0.397331,0.0113647,0.0002684,-0.116285,-0.011668,0.000372,-0.000244,37,O
2026-06-23,61214,0.198885,0.396205,0.0111512,0.0001380,-0.116500,-0.011725,0.000391,-0.000260,37,O
2026-06-24,61215,0.200414,0.395335,0.0111155,-0.0000597,-0.116375,-0.011890,0.000403,-0.000242,37,O
2026-06-25,61216,0.201653,0.394452,0.0112706,-0.0002504,-0.116220,-0.012006,0.000411,-0.000212,37,O
2026-06-26,61217,0.202490,0.393705,0.0116123,-0.0004272,-0.116262,-0.012067,0.000413,-0.000184,37,O
2026-06-27,61218,0.203219,0.392630,0.0121187,-0.0005678,-0.116506,-0.012218,0.000404,-0.000186,37,O
2026-06-28,61219,0.203802,0.391732,0.0127145,-0.0006236,-0.116818,-0.012473,0.000387,-0.000208,37,O
2026-06-29,61220,0.204332,0.390876,0.0133478,-0.0006346,-0.117094,-0.012655,0.000369,-0.000237,37,O
2026-06-30,61221,0.204744,0.389850,0.0139614,-0.0005803,-0.117278,-0.012585,0.000351,-0.000270,37,O
2026-07-01,61222,0.205315,0.389256,0.0144916,-0.0004494,-0.117346,-0.012292,0.000341,-0.000294,37,O
2026-07-02,61223,0.205411,0.388538,0.0148279,-0.0002107,-0.117364,-0.011996,0.000336,-0.000314,37,O
2026-07-03,61224,0.205712,0.387688,0.0148872,0.0000835,-0.117414,-0.011857,0.000334,-0.000329,37,O
2026-07-04,61225,0.206180,0.386495,0.0146670,0.0003451,-0.117490,-0.011841,0.000342,-0.000336,37,O
2026-07-05,61226,0.207503,0.385226,0.0142170,0.0005507,-0.117571,-0.011841,0.000346,-0.000330,37,O
2026-07-06,61227,0.209167,0.384651,0.0136101,0.0006624,-0.117645,-0.011857,0.000349,-0.000328,37,O
2026-07-07,61228,0.210512,0.384086,0.0129274,0.0007039,-0.117793,-0.011938,0.000356,-0.000320,37,O
2026-07-08,61229,0.211592,0.383771,0.0122341,0.0006557,-0.118086,-0.012070,0.000367,-0.000306,37,O
2026-07-09,61230,0.211868,0.383280,0.0116559,0.0004721,-0.118493,-0.012154,0.000378,-0.000293,37,O
2026-07-10,61231,0.211963,0.382638,0.0113284,0.0001859,-0.118893,-0.012158,0.000394,-0.000289,37,O
2026-07-11,61232,0.211697,0.382175,0.0112853,-0.0000777,-0.119169,-0.012168,0.000400,-0.000280,37,O
2026-07-12,61233,0.211737,0.381369,0.0114392,-0.0002238,-0.119181,-0.012246,0.000403,-0.000274,37,O
2026-07-13,61234,0.211916,0.380319,0.0116833,-0.0002313,-0.118969,-0.012265,0.000401,-0.000269,37,O
2026-07-14,61235,0.212241,0.378978,0.0118348,-0.0000650,-0.118779,-0.012102,0.000394,-0.000266,37,O
2026-07-15,61236,0.212698,0.377732,0.0117940,0.0001527,-0.118791,-0.011882,0.000380,-0.000266,37,O
2026-07-16,61237,0.212907,0.376455,0.0115361,0.0003719,-0.118861,-0.011832,0.000379,-0.000271,37,O
2026-07-17,61238,0.213800,0.375209,0.0110654,0.0005530,-0.119127,-0.011933,0.000302,-0.000265,37,O
2026-07-18,61239,0.214896,0.374372,0.0104704,0.0006126,-0.119306,-0.011976,0.000337,-0.000264,37,O
2026-07-19,61240,0.215342,0.373320,0.0098935,0.0005316,-0.119934,-0.011847,0.000345,-0.000251,37,O
2026-07-20,61241,0.215502,0.372315,0.0094448,0.0003513,-0.120727,-0.011719,0.000348,-0.000231,37,O
2026-07-21,61242,0.215928,0.371355,0.0092114,0.0001241,-0.121216,-0.011768,0.000345,-0.000214,37,O
2026-07-22,61243,0.217111,0.370794,0.0091874,-0.0000797,-0.121102,-0.011923,0.000390,-0.000189,37,O
2026-07-23,61244,0.217871,0.370140,0.0093627,-0.0002775,-0.120825,-0.012006,0.000418,-0.000166,37,O
2026-07-24,61245,0.218616,0.369544,0.0097405,-0.0004648,-0.120682,-0.011968,0.000436,-0.000148,37,O
2026-07-25,61246,0.219171,0.369117,0.0102709,-0.0005908,-0.120784,-0.011941,0.000427,-0.000146,37,O
2026-07-26,61247,0.219348,0.368692,0.0109028,-0.0006680,-0.121029,-0.012020,0.000397,-0.000157,37,O
2026-07-27,61248,0.219421,0.368229,0.0115864,-0.0006696,-0.121296,-0.012119,0.000363,-0.000177,37,O
2026-07-28,61249,0.219109,0.367338,0.0121956,-0.0005521,-0.121523,-0.012072,0.000333,-0.000203,37,O
2026-07-29,61250,0.219187,0.366314,0.0126765,-0.0003858,-0.121595,-0.011848,0.000334,-0.000240,37,O
2026-07-30,61251,0.219679,0.365849,0.0129423,-0.0001355,-0.121550,-0.011599,0.000348,-0.000277,37,O
2026-07-31,61252,0.220394,0.365337,0.0129378,0.0001290,-0.121498,-0.011507,0.000367,-0.000309,37,O
2026-08-01,61253,0.221536,0.364940,0.0127081,0.0003311,-0.121564,-0.011597,0.000380,-0.000323,37,O
2026-08-02,61254,0.222428,0.364675,0.0122951,0.0004833,-0.121732,-0.011760,0.000391,-0.000321,37,O
2026-08-03,61255,0.222732,0.363935,0.0117718,0.0005395,-0.121893,-0.011877,0.000400,-0.000304,37,O
2026-08-04,61256,0.222615,0.362934,0.0112588,0.0004774,-0.122003,-0.011914,0.000406,-0.000270,37,O
2026-08-05,61257,0.222693,0.361679,0.0108379,0.0003403,-0.122131,-0.011882,0.000409,-0.000201,37,O
2026-08-06,61258,0.222942,0.360818,0.0106095,0.0001209,-0.122322,-0.011837,0.000410,-0.000124,37,O
2026-08-07,61259,0.223055,0.360007,0.0105935,-0.0000957,-0.122503,-0.011819,0.000409,-0.000057,37,O
2026-08-08,61260,0.223536,0.359523,0.0107837,-0.0002856,-0.122532,-0.011893,0.000407,-0.000050,37,O
2026-08-09,61261,0.223636,0.359148,0.0111357,-0.0003899,-0.122362,-0.012006,0.000405,-0.000081,37,O
2026-08-10,61262,0.223273,0.358688,0.0115110,-0.0003130,-0.122140,-0.012032,0.000401,-0.000128,37,O
2026-08-11,61263,0.222833,0.357828,0.0117152,-0.0000685,-0.122080,-0.011898,0.000396,-0.000177,37,O
2026-08-12,61264,0.222847,0.356952,0.0116186,0.0002770,-0.122210,-0.011682,0.000392,-0.000203,37,O
2026-08-13,61265,0.223033,0.356238,0.0111571,0.0006327,-0.122341,-0.011573,0.000387,-0.000217,37,O
2026-08-14,61266,0.223120,0.355074,0.0103850,0.0008802,-0.122368,-0.011620,0.000379,-0.000227,37,O
2026-08-15,61267,0.223172,0.354146,0.0094504,0.0009517,-0.122526,-0.011705,0.000357,-0.000239,37,O
2026-08-16,61268,0.223048,0.352996,0.0085463,0.0008402,-0.123071,-0.011728,0.000331,-0.000248,37,O
2026-08-17,61269,0.222551,0.352004,0.0078060,0.0006540,-0.123888,-0.011734,0.000309,-0.000247,37,O
2026-08-18,61270,0.221630,0.351150,0.0072302,0.0004776,-0.124532,-0.011789,0.000297,-0.000232,37,O
2026-08-19,61271,0.220748,0.350298,0.0068712,0.0002427,-0.124627,-0.011810,0.000319,-0.000171,37,O
2026-08-20,61272,0.219593,0.349538,0.0067351,0.0000465,-0.124298,-0.011723,0.000355,-0.000102,37,O
2026-08-21,61273,0.218568,0.348760,0.0067540,-0.0000771,-0.123852,-0.011542,0.000393,-0.000049,37,O
2026-08-22,61274,0.217545,0.347812,0.0068540,-0.0001220,-0.123532,-0.011455,0.000413,-0.000079,37,O
2026-08-23,61275,0.216466,0.346717,0.0070141,-0.0001227,-0.123375,-0.011541,0.000419,-0.000161,37,O
2026-08-24,61276,0.215299,0.345655,0.0070770,-0.0000416,-0.123371,-0.011724,0.000421,-0.000257,37,O
2026-08-25,61277,0.214250,0.344658,0.0070542,0.0000877,-0.123492,-0.011845,0.000419,-0.000349,37,O
2026-08-26,61278,0.213326,0.343685,0.0068822,0.0002758,-0.123638,-0.011781,0.000421,-0.000390,37,O
2026-08-27,61279,0.213020,0.342351,0.0065032,0.0004934,-0.123708,-0.011623,0.000423,-0.000402,37,O
2026-08-28,61280,0.212862,0.341472,0.0058921,0.0007164,-0.123699,-0.011516,0.000427,-0.000394,37,O
2026-08-29,61281,0.212480,0.340584,0.0050872,0.0008806,-0.123712,-0.011511,0.000433,-0.000359,37,O
2026-08-30,61282,0.212115,0.339944,0.0041733,0.0009269,-0.123834,-0.011567,0.000440,-0.000304,37,O
2026-08-31,61283,0.211398,0.339574,0.0032723,0.0008713,-0.124032,-0.011601,0.000448,-0.000243,37,O
2026-09-01,61284,0.210873,0.339259,0.0024511,0.0007630,-0.124203,-0.011577,0.000456,-0.000182,37,O
2026-09-02,61285,0.209869,0.339189,0.0017568,0.0006020,-0.124276,-0.011528,0.000461,-0.000137,37,O
2026-09-03,61286,0.208747,0.338511,0.0012618,0.0003697,-0.124233,-0.011496,0.000465,-0.000104,37,O
2026-09-04,61287,0.207152,0.338006,0.0010268,0.0001257,-0.124074,-0.011507,0.000466,-0.000084,37,O
2026-09-05,61288,0.205219,0.337090,0.0009761,0.0000149,-0.123822,-0.011583,0.000459,-0.000102,37,O
2026-09-06,61289,0.203582,0.336203,0.0009331,0.0001017,-0.123538,-0.011683,0.000448,-0.000141,37,O
2026-09-07,61290,0.202401,0.335245,0.0007114,0.0003320,-0.123338,-0.011735,0.000435,-0.000181,37,O
2026-09-08,61291,0.201864,0.334418,0.0002589,0.0005878,-0.123303,-0.011687,0.000421,-0.000210,37,O
2026-09-09,61292,0.201175,0.334186,-0.0004668,0.0008641,-0.123129,-0.011522,0.000509,-0.000205,37,O
2026-09-10,61293,0.200226,0.333853,-0.0014524,0.0010932,-0.123050,-0.011311,0.000552,-0.000172,37,O
2026-09-11,61294,0.198590,0.333477,-0.0026172,0.0012149,-0.123263,-0.011115,0.000449,-0.000114,37,O
2026-09-12,61295,0.196400,0.332595,-0.0038380,0.0012233,-0.123766,-0.010987,0.000259,-0.000055,37,O
2026-09-13,61296,0.194477,0.331666,-0.0050433,0.0011700,-0.124071,-0.010996,0.000255,-0.000047,37,O
2026-09-14,61297,0.192981,0.330566,-0.0061610,0.0010367,-0.124630,-0.011093,0.000256,-0.000040,37,O
2026-09-15,61298,0.191640,0.329506,-0.0070916,0.0008439,-0.125173,-0.011225,0.000261,-0.000032,37,O
2026-09-16,61299,0.190859,0.329171,-0.0078658,0.0006899,-0.125381,-0.011293,0.000270,-0.000027,37,O
2026-09-17,61300,0.190042,0.329136,-0.0084721,0.0005332,-0.125140,-0.011235,0.000282,-0.000025,37,O
2026-09-18,61301,0.189087,0.329062,-0.0089477,0.0004514,-0.124589,-0.011105,0.000295,-0.000027,37,O
2026-09-19,61302,0.187674,0.329304,-0.0094188,0.0004921,-0.123981,-0.011029,0.000307,-0.000032,37,O
2026-09-20,61303,0.186126,0.329085,-0.0099563,0.0005755,-0.123524,-0.011079,0.000314,-0.000038,37,O
2026-09-21,61304,0.185048,0.328490,-0.0105733,0.0006909,-0.123309,-0.011195,0.000315,-0.000045,37,O
2026-09-22,61305,0.183795,0.328219,-0.0113688,0.0008820,-0.123329,-0.011260,0.000311,-0.000055,37,O
2026-09-23,61306,0.182431,0.327644,-0.0123292,0.0010604,-0.123502,-0.011217,0.000306,-0.000068,37,O
2026-09-24,61307,0.181479,0.327273,-0.0134991,0.0012581,-0.123701,-0.011114,0.000300,-0.000084,37,O
2026-09-25,61308,0.180839,0.326976,-0.0148185,0.0013950,-0.123825,-0.011020,0.000294,-0.000098,37,O
2026-09-26,61309,0.180004,0.326614,-0.0162788,0.0015183,-0.123863,-0.010956,0.000287,-0.000104,37,O
2026-09-27,61310,0.179122,0.326109,-0.0178337,0.0015457,-0.123895,-0.010907,0.000277,-0.000099,37,O
2026-09-28,61311,0.178421,0.325780,-0.0193109,0.0014107,-0.124002,-0.010870,0.000265,-0.000084,37,O
2026-09-29,61312,0.177487,0.325970,-0.0206340,0.0012080,-0.124160,-0.010861,0.000254,-0.000065,37,O
2026-09-30,61313,0.176251,0.326114,-0.0217036,0.0009256,-0.124241,-0.010881,0.000246,-0.000052,37,O
2026-10-01,61314,0.175128,0.325763,-0.0224809,0.0006480,-0.124113,-0.010904,0.000247,-0.000048,37,P
2026-10-02,61315,0.173953,0.325062,-0.0230320,0.0004923,-0.123758,-0.010909,0.000254,-0.000055,37,P
2026-10-03,61316,0.172652,0.324795,-0.0235022,0.0004744,-0.123292,-0.010906,0.000266,-0.000066,37,P
2026-10-04,61317,0.171215,0.324427,-0.0240079,0.0005702,-0.122874,-0.010921,0.000275,-0.000075,37,P
2026-10-05,61318,0.169631,0.324220,-0.0246678,0.0007759,-0.122588,-0.010955,0.000278,-0.000078,37,P
2026-10-06,61319,0.168234,0.323922,-0.0255647,0.0010303,-0.122409,-0.010968,0.000275,-0.000072,37,P
2026-10-07,61320,0.166801,0.323583,-0.0267054,0.0012484,-0.122276,-0.010900,0.000268,-0.000061,37,P
2026-10-08,61321,0.165446,0.323176,-0.0280206,0.0013769,-0.122171,-0.010718,0.000260,-0.000049,37,P
2026-10-09,61322,0.164328,0.322732,-0.0294093,0.0013911,-0.122123,-0.010462,0.000255,-0.000038,37,P
2026-10-10,61323,0.163281,0.322431,-0.0307481,0.0012778,-0.122168,-0.010246,0.000253,-0.000028,37,P
2026-10-11,61324,0.162111,0.322234,-0.0319242,0.0010782,-0.122326,-0.010197,0.000253,-0.000021,37,P
2026-10-12,61325,0.160980,0.322177,-0.0328866,0.0008582,-0.122587,-0.010348,0.000254,-0.000016,37,P
2026-10-13,61326,0.159768,0.321993,-0.0336315,0.0006417,-0.122870,-0.010592,0.000257,-0.000012,37,P
2026-10-14,61327,0.158280,0.321877,-0.0341667,0.0004449,-0.122996,-0.010760,0.000265,-0.000010,37,P
2026-10-15,61328,0.156842,0.321739,-0.0345376,0.0003265,-0.122787,-0.010762,0.000277,-0.000011,37,P
2026-10-16,61329,0.155513,0.321644,-0.0348357,0.0002852,-0.122236,-0.010668,0.000292,-0.000013,37,P
2026-10-17,61330,0.154327,0.321518,-0.0351219,0.0003138,-0.121552,-0.010617,0.000305,-0.000019,37,P
2026-10-18,61331,0.153088,0.321438,-0.0354885,0.0004464,-0.120996,-0.010659,0.000312,-0.000028,37,P
2026-10-19,61332,0.151792,0.321382,-0.0360172,0.0006163,-0.120691,-0.010707,0.000311,-0.000041,37,P
2026-10-20,61333,0.150511,0.321412,-0.0367211,0.0008181,-0.120614,-0.010654,0.000305,-0.000058,37,P
2026-10-21,61334,0.149205,0.321331,-0.0376588,0.0010699,-0.120716,-0.010513,0.000296,-0.000076,37,P
2026-10-22,61335,0.147901,0.321220,-0.0388459,0.0013111,-0.120954,-0.010387,0.000289,-0.000090,37,P
2026-10-23,61336,0.146519,0.321189,-0.0402482,0.0014881,-0.121219,-0.010330,0.000282,-0.000096,37,P
2026-10-24,61337,0.145170,0.321111,-0.0417808,0.0015759,-0.121364,-0.010282,0.000274,-0.000092,37,P
2026-10-25,61338,0.143810,0.320935,-0.0433462,0.0015395,-0.121336,-0.010182,0.000264,-0.000081,37,P
2026-10-26,61339,0.142355,0.320860,-0.0448111,0.0013952,-0.121219,-0.010081,0.000252,-0.000067,37,P
2026-10-27,61340,0.140863,0.320753,-0.0461012,0.0011796,-0.121087,-0.010065,0.000242,-0.000058,37,P
2026-10-28,61341,0.139242,0.320601,-0.0471473,0.0009232,-0.120924,-0.010110,0.000240,-0.000057,37,P
2026-10-29,61342,0.137629,0.320548,-0.0479689,0.0007527,-0.120707,-0.010100,0.000246,-0.000063,37,P
2026-10-30,61343,0.136075,0.320518,-0.0486918,0.0007204,-0.120477,-0.009997,0.000258,-0.000072,37,P
2026-10-31,61344,0.134650,0.320453,-0.0494432,0.0008137,-0.120286,-0.009895,0.000270,-0.000080,37,P
2026-11-01,61345,0.133277,0.320433,-0.0503458,0.0010181,-0.120127,-0.009888,0.000275,-0.000083,37,P
2026-11-02,61346,0.131947,0.320414,-0.0514788,0.0012567,-0.119956,-0.009952,0.000271,-0.000081,37,P
2026-11-03,61347,0.130752,0.320371,-0.0528345,0.0014580,-0.119749,-0.009989,0.000261,-0.000076,37,P
2026-11-04,61348,0.129357,0.320483,-0.0543590,0.0015867,-0.119529,-0.009927,0.000251,-0.000067,37,P
2026-11-05,61349,0.127907,0.320618,-0.0559651,0.0016205,-0.119368,-0.009757,0.000246,-0.000058,37,P
2026-11-06,61350,0.126482,0.320861,-0.0575551,0.0015538,-0.119329,-0.009517,0.000246,-0.000048,37,P
2026-11-07,61351,0.125116,0.321052,-0.0590279,0.0013875,-0.119390,-0.009299,0.000249,-0.000040,37,P
2026-11-08,61352,0.123647,0.321318,-0.0603033,0.0011746,-0.119456,-0.009224,0.000253,-0.000034,37,P
2026-11-09,61353,0.122230,0.321517,-0.0613669,0.0009631,-0.119484,-0.009363,0.000254,-0.000031,37,P
2026-11-10,61354,0.120946,0.321802,-0.0622224,0.0007602,-0.119501,-0.009649,0.000257,-0.000031,37,P
2026-11-11,61355,0.119577,0.322037,-0.0628897,0.0005933,-0.119486,-0.009896,0.000263,-0.000033,37,P
2026-11-12,61356,0.118218,0.322207,-0.0634259,0.0005059,-0.119315,-0.009949,0.000275,-0.000035,37,P
2026-11-13,61357,0.116605,0.322499,-0.0639226,0.0005113,-0.118904,-0.009832,0.000290,-0.000038,37,P
2026-11-14,61358,0.115061,0.322663,-0.0644701,0.0006112,-0.118364,-0.009696,0.000303,-0.000044,37,P
2026-11-15,61359,0.113509,0.322891,-0.0651513,0.0007601,-0.117921,-0.009628,0.000309,-0.000056,37,P
2026-11-16,61360,0.112030,0.323070,-0.0659870,0.0009311,-0.117691,-0.009559,0.000306,-0.000076,37,P
2026-11-17,61361,0.110778,0.323454,-0.0670081,0.0011200,-0.117627,-0.009393,0.000298,-0.000099,37,P
2026-11-18,61362,0.109593,0.323776,-0.0682153,0.0013090,-0.117687,-0.009177,0.000288,-0.000119,37,P
2026-11-19,61363,0.108453,0.324099,-0.0696051,0.0014697,-0.117906,-0.009080,0.000278,-0.000128,37,P
2026-11-20,61364,0.107308,0.324459,-0.0711229,0.0015688,-0.118245,-0.009169,0.000270,-0.000125,37,P
2026-11-21,61365,0.106191,0.324871,-0.0727019,0.0015794,-0.118522,-0.009290,0.000261,-0.000111,37,P
2026-11-22,61366,0.104798,0.325328,-0.0742375,0.0014926,-0.118599,-0.009271,0.000250,-0.000096,37,P
2026-11-23,61367,0.103268,0.325746,-0.0756384,0.0012956,-0.118489,-0.009159,0.000239,-0.000087,37,P
2026-11-24,61368,0.101865,0.326313,-0.0767972,0.0010373,-0.118222,-0.009134,0.000234,-0.000089,37,P
2026-11-25,61369,0.100632,0.326862,-0.0777202,0.0008274,-0.117791,-0.009196,0.000236,-0.000099,37,P
2026-11-26,61370,0.099567,0.327466,-0.0784803,0.0007231,-0.117342,-0.009145,0.000248,-0.000111,37,P
2026-11-27,61371,0.098373,0.328113,-0.0792132,0.0007787,-0.117174,-0.008918,0.000262,-0.000120,37,P
2026-11-28,61372,0.097147,0.328802,-0.0800745,0.0009694,-0.117381,-0.008733,0.000272,-0.000122,37,P
2026-11-29,61373,0.096069,0.329503,-0.0811578,0.0012102,-0.117688,-0.008787,0.000271,-0.000118,37,P
2026-11-30,61374,0.095144,0.330255,-0.0824701,0.0014150,-0.117791,-0.008979,0.000261,-0.000112,37,P
2026-12-01,61375,0.094146,0.330884,-0.0839495,0.0015449,-0.117687,-0.009053,0.000246,-0.000106,37,P
2026-12-02,61376,0.093275,0.331467,-0.0855137,0.0015739,-0.117559,-0.008927,0.000235,-0.000100,37,P
2026-12-03,61377,0.092591,0.332065,-0.0870470,0.0014867,-0.117508,-0.008722,0.000232,-0.000093,37,P
2026-12-04,61378,0.091626,0.332800,-0.0884494,0.0013196,-0.117523,-0.008560,0.000237,-0.000084,37,P
2026-12-05,61379,0.090624,0.333570,-0.0896619,0.0011129,-0.117555,-0.008464,0.000245,-0.000075,37,P
2026-12-06,61380,0.089507,0.334363,-0.0906605,0.0008952,-0.117555,-0.008439,0.000251,-0.000070,37,P
2026-12-07,61381,0.088392,0.335161,-0.0914457,0.0006886,-0.117495,-0.008534,0.000254,-0.000070,37,P
2026-12-08,61382,0.087233,0.335897,-0.0920396,0.0005163,-0.117408,-0.008758,0.000256,-0.000073,37,P
2026-12-09,61383,0.086029,0.336628,-0.0924898,0.0004064,-0.117322,-0.008990,0.000261,-0.000077,37,P
2026-12-10,61384,0.085011,0.337170,-0.0928701,0.0003786,-0.117184,-0.009045,0.000272,-0.000079,37,P
2026-12-11,61385,0.083997,0.337852,-0.0932636,0.0004312,-0.116909,-0.008873,0.000285,-0.000081,37,P
2026-12-12,61386,0.083133,0.338561,-0.0937443,0.0005515,-0.116533,-0.008614,0.000296,-0.000087,37,P
2026-12-13,61387,0.082335,0.339330,-0.0943686,0.0007111,-0.116214,-0.008432,0.000300,-0.000102,37,P
2026-12-14,61388,0.081645,0.340160,-0.0951593,0.0008841,-0.116072,-0.008333,0.000296,-0.000125,37,P
2026-12-15,61389,0.080811,0.340923,-0.0961302,0.0010742,-0.116071,-0.008223,0.000287,-0.000151,37,P
2026-12-16,61390,0.079839,0.341670,-0.0972865,0.0012381,-0.116138,-0.008101,0.000276,-0.000170,37,P
2026-12-17,61391,0.078765,0.342355,-0.0985722,0.0013357,-0.116291,-0.008108,0.000266,-0.000173,37,P
2026-12-18,61392,0.077718,0.343077,-0.0999273,0.0013757,-0.116546,-0.008316,0.000256,-0.000160,37,P
2026-12-19,61393,0.076771,0.343768,-0.1012809,0.0013201,-0.116816,-0.008554,0.000246,-0.000139,37,P
2026-12-20,61394,0.076009,0.344564,-0.1025207,0.0011569,-0.117028,-0.008585,0.000235,-0.000122,37,P
2026-12-21,61395,0.075360,0.345343,-0.1035701,0.0009531,-0.117205,-0.008433,0.000226,-0.000118,37,P
2026-12-22,61396,0.074668,0.346166,-0.1044156,0.0007469,-0.117275,-0.008369,0.000224,-0.000128,37,P
2026-12-23,61397,0.073895,0.346930,-0.1050777,0.0006089,-0.117016,-0.008487,0.000232,-0.000146,37,P
2026-12-24,61398,0.073056,0.347691,-0.1056759,0.0006197,-0.116435,-0.008546,0.000246,-0.000161,37,P
2026-12-25,61399,0.072226,0.348436,-0.1063597,0.0007786,-0.115964,-0.008360,0.000260,-0.000166,37,P
2026-12-26,61400,0.071545,0.349320,-0.1072560,0.0010314,-0.115963,-0.008143,0.000266,-0.000161,37,P
2026-12-27,61401,0.070786,0.350305,-0.1084154,0.0012963,-0.116250,-0.008208,0.000260,-0.000150,37,P
2026-12-28,61402,0.070073,0.351257,-0.1098138,0.0014971,-0.116422,-0.008492,0.000245,-0.000141,37,P
2026-12-29,61403,0.069565,0.352256,-0.1113544,0.0015741,-0.116430,-0.008644,0.000227,-0.000134,37,P
2026-12-30,61404,0.069101,0.353223,-0.1129099,0.0015336,-0.116501,-0.008515,0.000216,-0.000128,37,P
2026-12-31,61405,0.068701,0.354316,-0.1143764,0.0013923,-0.116684,-0.008304,0.000216,-0.000121,37,P
2027-01-01,61406,0.068145,0.355301,-0.1156599,0.0011804,-0.116815,-0.008232,0.000225,-0.000112,37,P
2027-01-02,61407,0.067631,0.356368,-0.1167227,0.0009573,-0.116816,-0.008293,0.000236,-0.000103,37,P
2027-01-03,61408,0.067089,0.357456,-0.1175719,0.0007577,-0.116765,-0.008365,0.000245,-0.000098,37,P
2027-01-04,61409,0.066636,0.358469,-0.1182407,0.0005953,-0.116725,-0.008430,0.000250,-0.000099,37,P
2027-01-05,61410,0.066312,0.359557,-0.1187708,0.0004851,-0.116679,-0.008554,0.000252,-0.000104,37,P
2027-01-06,61411,0.065983,0.360611,-0.1192282,0.0004535,-0.116604,-0.008713,0.000257,-0.000108,37,P
2027-01-07,61412,0.065446,0.361648,-0.1196951,0.0005018,-0.116486,-0.008754,0.000265,-0.000110,37,P
2027-01-08,61413,0.064833,0.362695,-0.1202429,0.0006139,-0.116297,-0.008568,0.000275,-0.000110,37,P
2027-01-09,61414,0.064324,0.363752,-0.1209289,0.0007768,-0.116036,-0.008255,0.000283,-0.000116,37,P
2027-01-10,61415,0.064014,0.364797,-0.1217903,0.0009557,-0.115788,-0.008028,0.000285,-0.000132,37,P
2027-01-11,61416,0.063769,0.365802,-0.1228260,0.0011281,-0.115671,-0.007986,0.000280,-0.000157,37,P
2027-01-12,61417,0.063623,0.366980,-0.1240269,0.0012800,-0.115707,-0.008051,0.000270,-0.000182,37,P
2027-01-13,61418,0.063604,0.368207,-0.1253561,0.0013815,-0.115810,-0.008123,0.000259,-0.000195,37,P
2027-01-14,61419,0.063661,0.369413,-0.1267541,0.0014137,-0.115910,-0.008217,0.000248,-0.000190,37,P
2027-01-15,61420,0.063543,0.370526,-0.1281448,0.0013644,-0.116012,-0.008380,0.000237,-0.000169,37,P
2027-01-16,61421,0.063355,0.371716,-0.1294453,0.0012338,-0.116154,-0.008528,0.000226,-0.000144,37,P
2027-01-17,61422,0.063179,0.372919,-0.1305845,0.0010499,-0.116397,-0.008504,0.000216,-0.000128,37,P
2027-01-18,61423,0.062963,0.373990,-0.1315277,0.0008442,-0.116812,-0.008335,0.000211,-0.000130,37,P
2027-01-19,61424,0.062807,0.375138,-0.1322760,0.0006773,-0.117295,-0.008283,0.000213,-0.000146,37,P
2027-01-20,61425,0.062636,0.376299,-0.1329126,0.0006278,-0.117483,-0.008498,0.000224,-0.000168,37,P
2027-01-21,61426,0.062607,0.377602,-0.1335769,0.0007369,-0.117120,-0.008757,0.000239,-0.000181,37,P
2027-01-22,61427,0.062611,0.378875,-0.1344238,0.0009801,-0.116438,-0.008757,0.000250,-0.000181,37,P
2027-01-23,61428,0.062679,0.380214,-0.1355459,0.0012756,-0.115912,-0.008555,0.000252,-0.000168,37,P
2027-01-24,61429,0.062695,0.381441,-0.1369496,0.0015283,-0.115698,-0.008478,0.000241,-0.000152,37,P
2027-01-25,61430,0.062689,0.382621,-0.1385535,0.0016740,-0.115640,-0.008632,0.000223,-0.000139,37,P
2027-01-26,61431,0.062701,0.383728,-0.1402356,0.0016758,-0.115703,-0.008785,0.000206,-0.000131,37,P
2027-01-27,61432,0.062644,0.384805,-0.1418437,0.0015325,-0.115998,-0.008759,0.000197,-0.000125,37,P
2027-01-28,61433,0.062738,0.385957,-0.1432630,0.0013112,-0.116432,-0.008674,0.000199,-0.000118,37,P
2027-01-29,61434,0.062957,0.387131,-0.1444456,0.0010606,-0.116704,-0.008726,0.000209,-0.000108,37,P
2027-01-30,61435,0.063194,0.388392,-0.1453792,0.0008261,-0.116701,-0.008904,0.000223,-0.000098,37,P
2027-01-31,61436,0.063422,0.389626,-0.1461053,0.0006439,-0.116597,-0.009055,0.000233,-0.000094,37,P
2027-02-01,61437,0.063563,0.390840,-0.1466757,0.0005153,-0.116549,-0.009123,0.000240,-0.000096,37,P
2027-02-02,61438,0.063699,0.391900,-0.1471505,0.0004552,-0.116516,-0.009195,0.000244,-0.000101,37,P
2027-02-03,61439,0.063683,0.392997,-0.1476061,0.0004791,-0.116413,-0.009315,0.000248,-0.000105,37,P
2027-02-04,61440,0.063851,0.394243,-0.1481251,0.0005780,-0.116263,-0.009379,0.000254,-0.000106,37,P
2027-02-05,61441,0.064241,0.395680,-0.1487719,0.0007352,-0.116123,-0.009255,0.000260,-0.000107,37,P
2027-02-06,61442,0.064603,0.397111,-0.1495958,0.0009251,-0.115986,-0.008983,0.000264,-0.000114,37,P
2027-02-07,61443,0.064884,0.398514,-0.1506106,0.0011144,-0.115838,-0.008766,0.000263,-0.000130,37,P
2027-02-08,61444,0.065064,0.399707,-0.1518050,0.0012807,-0.115736,-0.008763,0.000257,-0.000152,37,P
2027-02-09,61445,0.065436,0.400875,-0.1531448,0.0014038,-0.115756,-0.008940,0.000249,-0.000173,37,P
2027-02-10,61446,0.065692,0.402096,-0.1545743,0.0014517,-0.115868,-0.009146,0.000238,-0.000179,37,P
2027-02-11,61447,0.065966,0.403303,-0.1560052,0.0014096,-0.115963,-0.009276,0.000227,-0.000167,37,P
2027-02-12,61448,0.066487,0.404516,-0.1573568,0.0012927,-0.115996,-0.009330,0.000215,-0.000142,37,P
2027-02-13,61449,0.067168,0.405668,-0.1585625,0.0011222,-0.116042,-0.009330,0.000204,-0.000117,37,P
2027-02-14,61450,0.067614,0.406851,-0.1595839,0.0009281,-0.116221,-0.009279,0.000197,-0.000106,37,P
2027-02-15,61451,0.068024,0.408077,-0.1604186,0.0007621,-0.116576,-0.009237,0.000196,-0.000112,37,P
2027-02-16,61452,0.068720,0.409308,-0.1611277,0.0006837,-0.116995,-0.009352,0.000202,-0.000132,37,P
2027-02-17,61453,0.069382,0.410405,-0.1618215,0.0007395,-0.117212,-0.009692,0.000214,-0.000153,37,P
2027-02-18,61454,0.069902,0.411521,-0.1626451,0.0009359,-0.117009,-0.010074,0.000227,-0.000163,37,P
2027-02-19,61455,0.070337,0.412558,-0.1637154,0.0012231,-0.116451,-0.010207,0.000233,-0.000157,37,P
2027-02-20,61456,0.070969,0.413767,-0.1650866,0.0015240,-0.115835,-0.010026,0.000230,-0.000140,37,P
2027-02-21,61457,0.071570,0.414897,-0.1667296,0.0017573,-0.115398,-0.009769,0.000217,-0.000120,37,P
2027-02-22,61458,0.072298,0.416121,-0.1685419,0.0018521,-0.115207,-0.009663,0.000199,-0.000106,37,P
2027-02-23,61459,0.073194,0.417370,-0.1703688,0.0017933,-0.115301,-0.009705,0.000185,-0.000097,37,P
2027-02-24,61460,0.074085,0.418492,-0.1720750,0.0016128,-0.115688,-0.009786,0.000179,-0.000090,37,P
2027-02-25,61461,0.074962,0.419700,-0.1735580,0.0013579,-0.116181,-0.009888,0.000182,-0.000083,37,P
2027-02-26,61462,0.075762,0.420800,-0.1747791,0.0010997,-0.116464,-0.010054,0.000193,-0.000073,37,P
2027-02-27,61463,0.076739,0.422102,-0.1757627,0.0008878,-0.116424,-0.010247,0.000207,-0.000065,37,P
2027-02-28,61464,0.077672,0.423319,-0.1765661,0.0007397,-0.116236,-0.010376,0.000219,-0.000062,37,P
2027-03-01,61465,0.078551,0.424576,-0.1772568,0.0006631,-0.116072,-0.010435,0.000228,-0.000065,37,P
2027-03-02,61466,0.079419,0.425729,-0.1779115,0.0006691,-0.115901,-0.010511,0.000235,-0.000070,37,P
2027-03-03,61467,0.080172,0.426731,-0.1786111,0.0007475,-0.115640,-0.010651,0.000239,-0.000075,37,P
2027-03-04,61468,0.080831,0.427729,-0.1794183,0.0008869,-0.115357,-0.010768,0.000242,-0.000077,37,P
2027-03-05,61469,0.081568,0.428736,-0.1803911,0.0010740,-0.115193,-0.010728,0.000244,-0.000080,37,P
2027-03-06,61470,0.082456,0.429768,-0.1815591,0.0012715,-0.115168,-0.010529,0.000243,-0.000089,37,P
2027-03-07,61471,0.083317,0.430752,-0.1829183,0.0014556,-0.115173,-0.010325,0.000240,-0.000104,37,P
2027-03-08,61472,0.084148,0.431836,-0.1844481,0.0016088,-0.115136,-0.010277,0.000234,-0.000123,37,P
2027-03-09,61473,0.084933,0.432902,-0.1860995,0.0016912,-0.115113,-0.010401,0.000226,-0.000136,37,P
2027-03-10,61474,0.085929,0.433927,-0.1877849,0.0016771,-0.115173,-0.010579,0.000216,-0.000136,37,P
2027-03-11,61475,0.087098,0.434802,-0.1894106,0.0015737,-0.115292,-0.010694,0.000205,-0.000120,37,P
2027-03-12,61476,0.088192,0.435847,-0.1908967,0.0013998,-0.115404,-0.010723,0.000194,-0.000097,37,P
2027-03-13,61477,0.089325,0.436883,-0.1921890,0.0011934,-0.115499,-0.010728,0.000185,-0.000078,37,P
2027-03-14,61478,0.090416,0.437941,-0.1932823,0.0010110,-0.115606,-0.010778,0.000182,-0.000073,37,P
2027-03-15,61479,0.091307,0.439028,-0.1942262,0.0009019,-0.115710,-0.010928,0.000185,-0.000084,37,P
2027-03-16,61480,0.092250,0.440088,-0.1951142,0.0009074,-0.115727,-0.011209,0.000194,-0.000104,37,P
2027-03-17,61481,0.093216,0.441074,-0.1960747,0.0010457,-0.115580,-0.011593,0.000205,-0.000121,37,P
2027-03-18,61482,0.094364,0.442085,-0.1972309,0.0012908,-0.115268,-0.011944,0.000213,-0.000126,37,P
2027-03-19,61483,0.095403,0.443159,-0.1986609,0.0015802,-0.114880,-0.012078,0.000213,-0.000116,37,P
2027-03-20,61484,0.096557,0.444132,-0.2003698,0.0018368,-0.114540,-0.011921,0.000206,-0.000098,37,P
2027-03-21,61485,0.097826,0.445173,-0.2022894,0.0019933,-0.114331,-0.011595,0.000193,-0.000079,37,P
2027-03-22,61486,0.099000,0.446157,-0.2042966,0.0020094,-0.114284,-0.011319,0.000179,-0.000064,37,P
2027-03-23,61487,0.100299,0.447083,-0.2062473,0.0018829,-0.114412,-0.011232,0.000169,-0.000055,37,P
2027-03-24,61488,0.101677,0.447855,-0.2080164,0.0016565,-0.114685,-0.011333,0.000167,-0.000049,37,P
2027-03-25,61489,0.102970,0.448744,-0.2095354,0.0013899,-0.114974,-0.011537,0.000171,-0.000042,37,P
2027-03-26,61490,0.104212,0.449509,-0.2107916,0.0011411,-0.115112,-0.011736,0.000181,-0.000035,37,P
2027-03-27,61491,0.105469,0.450357,-0.2118286,0.0009560,-0.115046,-0.011848,0.000194,-0.000030,37,P
2027-03-28,61492,0.106747,0.451126,-0.2127185,0.0008459,-0.114864,-0.011862,0.000208,-0.000029,37,P
2027-03-29,61493,0.107993,0.451869,-0.2135349,0.0008087,-0.114650,-0.011862,0.000219,-0.000032,37,P
2027-03-30,61494,0.109378,0.452650,-0.2143530,0.0008503,-0.114375,-0.011947,0.000228,-0.000039,37,P
